,0
music,593
data,468
research,185
open,153
information,142
audio,141
musicology,134
annotations,124
empirical,117
files,111
analysis,109
review,104
20,104
may,98
onset,96
collection,95
collections,94
recordings,92
metadata,89
were,86
fair,85
corpus,79
vol,78
each,77
project,77
16,77
web,76
21,75
available,72
performance,71
time,68
work,67
resources,65
datasets,65
science,63
access,63
corpora,62
mir,60
(pp,58
principles,58
many,57
there,56
while,56
onsets,55
researchers,54
will,53
saraga,52
digital,51
metrical,51
analyses,51
score,50
retrieval,50
study,49
challenges,48
indian,48
repositories,48
computational,48
both,47
should,47
would,47
scores,47
public,46
recording,46
community,44
al,43
video,43
under,42
file,42
been,41
users,41
where,41
those,41
trompa,40
specific,40
only,39
however,39
manual,39
provide,39
machine,39
when,38
software,38
cases,38
same,36
society,36
university,36
do,36
possible,36
linked,36
per,36
part,36
shared,35
scientific,35
code,35
case,35
any,34
well,34
user,34
here,33
carnatic,33
automatic,33
clayton,32
sections,32
even,32
melodic,32
including,32
form,32
large,32
out,32
(2019),31
published,31
processing,31
recorded,30
way,30
hindustani,30
if,30
no,30
example,30
so,30
annotation,29
license,29
extraction,29
section,29
number,29
often,28
process,28
particular,28
over,28
set,28
csv,28
format,28
musicians,28
up,27
applications,27
need,27
art,27
tools,27
people,27
important,27
include,27
repository,26
rhythmic,26
(2016),26
further,26
see,26
context,26
(eds.),26
formats,26
contributions,26
assignment,26
instance,26
projects,26
pitch,26
could,26
manually,26
extracted,25
computer,25
openness,25
what,25
tasks,25
quality,25
libraries,25
stored,24
ny,24
beat,24
(e.g,24
approach,24
take,24
since,24
york,24
encodings,24
who,24
compmusic,24
re,23
make,23
online,23
usa,23
source,23
times,23
support,23
like,23
accessible,23
items,23
encoding,23
useful,23
based,22
sharing,22
them,22
common,22
dataset,22
(see,22
instruments,22
iam,22
human,22
types,22
library,22
wider,22
content,22
algorithms,22
identified,22
several,22
event,22
semantic,22
entrainment,22
theory,22
providing,22
(2017),22
serra,21
contribute,21
structure,21
movement,21
then,21
melody,21
capture,21
roman,21
simple,21
harmony,21
(2020),21
examples,21
model,21
representation,21
annotated,21
page,21
musicological,20
rather,20
version,20
copyright,20
provides,20
musicbrainz,20
media,20
order,20
best,20
standards,20
methods,20
description,20
positions,20
around,20
task,20
help,20
table,20
automated,20
multitrack,20
weigl,20
approaches,20
knowledge,20
making,20
control,19
offer,19
website,19
three,19
creative,19
issues,19
good,19
ismir,19
jembe,19
general,19
means,19
currently,19
article,18
must,18
contribution,18
system,18
commons,18
still,18
features,18
pieces,18
practice,18
field,18
de,18
song,18
detection,18
performers,18
found,18
focus,18
serve,18
trompa™s,18
interoperable,18
domain,18
fig,18
2019),18
existing,18
does,18
performances,18
european,18
2017),17
api,17
range,17
app,17
practices,17
main,17
described,17
documentation,17
standard,17
future,17
framework,17
notes,17
uc,17
musiclab,17
piece,17
refer,17
mean,17
concept,17
2016),17
management,17
figure,17
creation,17
(2018),17
(2014),17
window,17
identifiers,16
another,16
artists,16
either,16
technical,16
-based,16
provided,16
polak,16
application,16
included,16
multimodal,16
share,16
sets,16
infrastructure,16
iemp,16
terms,16
though,16
computing,16
multiple,16
made,16
point,16
tempo,16
resource,16
publication,16
-domain,16
ethnomusicology,16
very,16
notation,16
thus,15
reuse,15
describe,15
eerola,15
processes,15
together,15
editorial,15
handling,15
now,15
technology,15
without,15
cultural,15
meaningful,15
long,15
interoperability,15
commercial,15
parts,15
aim,15
individual,15
derived,15
lead,15
following,15
corresponding,15
representations,15
systems,15
questions,15
external,14
preparation,14
facilitate,14
solution,14
materials,14
easy,14
algorithm,14
related,14
note,14
provenance,14
developed,14
levels,14
iempdc,14
(2015),14
graph,14
-readable,14
classical,14
scholarly,14
journal,14
easily,14
kind,14
current,14
relevant,14
due,14
acm,14
motion,14
problem,14
publicly,14
development,14
exploration,14
alignment,14
understanding,14
tracks,14
ways,14
above,14
various,14
own,14
phrase,14
austria,14
track,14
synchronization,14
database,14
non,14
least,14
stereo,13
(and,13
highly,13
contributors,13
value,13
platform,13
perhaps,13
similar,13
peak,13
particularly,13
action,13
companion,13
lieder,13
drum,13
-specific,13
storage,13
ts,13
instrument,13
mei,13
core,13
openly,13
technologies,13
crawford,13
rhythm,13
high,13
matters,13
necessary,13
organization,13
sonic,13
might,13
benefit,13
position,13
tonic,13
too,13
therefore,13
build,13
spain,13
citizen,13
works,13
want,13
created,13
licenses,13
ensure,13
better,13
enabling,13
a1,12
retrieved,12
parameters,12
raw,12
obtained,12
ethical,12
relatively,12
additional,12
expert,12
according,12
interaction,12
free,12
humanities,12
present,12
curated,12
traditions,12
2020),12
forms,12
enough,12
addition,12
(or,12
diverse,12
typically,12
enable,12
meter,12
discussed,12
others,12
effort,12
vocal,12
lewis,12
ieee,12
gotham,12
results,12
ms,12
needs,12
symbolic,12
descriptions,12
group,12
fabra,12
significant,12
communities,12
produce,12
universitat,12
includes,12
patterns,12
create,12
few,12
small,12
-driven,12
allows,11
developing,11
curators,11
multimedia,11
esq,11
original,11
mix,11
optical,11
selected,11
professional,11
allow,11
among,11
unique,11
e.g,11
sama,11
consent,11
accessed,11
arts,11
scholarship,11
learning,11
issue,11
before,11
srinivasamurthy,11
names,11
multi,11
tabla,11
porter,11
limited,11
cycle,11
contexts,11
potentially,11
sample,11
pompeu,11
alongside,11
experience,11
find,11
great,11
es,11
always,11
ﬁopen,11
12,11
implementation,11
entities,11
tarsitani,11
world,11
appendix,11
stambeli,11
sources,11
solutions,11
‚when,11
level,11
potential,11
kinds,11
10,11
numeral,11
attribution,11
rome™,11
question,11
text,10
state,10
less,10
institutions,10
themselves,10
working,10
-term,10
rights,10
textbook,10
pycompmusic,10
specialized,10
because,10
jakubowski,10
attention,10
term,10
start,10
uri,10
he,10
produced,10
require,10
improve,10
pattern,10
exposed,10
cannot,10
after,10
(2011),10
interpersonal,10
points,10
visualiser,10
signal,10
canada,10
structured,10
durham,10
automatically,10
addressed,10
far,10
required,10
underlying,10
subject,10
integration,10
purposes,10
density,10
(as,10
output,10
references,10
rocamora,10
privacy,10
presented,10
service,10
string,10
liem,10
suitable,10
short,10
versions,10
from,10
events,10
structural,10
tunisian,10
interface,10
sound,10
raga,10
plus,10
15,10
assigned,10
detailed,10
complete,10
key,10
son,10
r1.2,10
had,10
rehearsal,10
dynamic,10
little,10
wide,10
scholars,10
candombe,10
malian,10
(ed.),10
freely,9
requires,9
material,9
my,9
(such,9
being,9
type,9
combined,9
availability,9
turn,9
github,9
2020,9
purpose,9
principle,9
simply,9
labels,9
reproducible,9
provision,9
defined,9
comprise,9
practiceﬂ,9
step,9
query,9
involved,9
beats,9
generated,9
reusable,9
generate,9
edited,9
descriptors,9
scripts,9
via,9
broad,9
moran,9
clear,9
taken,9
script,9
special,9
abstract,9
detail,9
comprises,9
vision,9
considered,9
size,9
all,9
ones,9
cuban,9
listening,9
scale,9
salsa,9
paper,9
estimated,9
(2013),9
perspective,9
identification,9
goebl,9
directly,9
complex,9
vienna,9
associated,9
interest,9
able,9
identify,9
feature,9
north,9
difference,9
consider,9
performing,9
relationships,9
findable,9
hence,9
chord,9
2017,9
reference,9
explicitly,9
audiovisual,9
read,8
enrichment,8
participants,8
ce,8
checking,8
method,8
hosted,8
subdivision,8
comparison,8
hand,8
aligned,8
difficult,8
none,8
independent,8
quartet,8
layout,8
wish,8
uruguayan,8
especially,8
reproducibility,8
discovery,8
end,8
element,8
2015),8
four,8
collaborative,8
activities,8
studying,8
submitted,8
release,8
-art,8
encoded,8
carried,8
insight,8
validation,8
barcelona,8
meaning,8
captured,8
coordination,8
recent,8
given,8
instrumental,8
persistent,8
-source,8
error,8
-scale,8
finally,8
usually,8
selection,8
concert,8
sandler,8
sensitive,8
initiatives,8
matched,8
boundaries,8
(2010),8
collected,8
phrases,8
save,8
organized,8
fashion,8
on,8
4.0,8
creating,8
[3],8
-4,8
tool,8
complexity,8
language,8
analytical,8
explore,8
wilkinson,8
readily,8
[1],8
[2],8
etc.),8
stewardship,8
aspects,8
depending,8
during,8
characteristic,8
r1.1,8
personal,8
usage,8
netherlands,8
jure,8
identifying,8
feedback,8
musicxml,8
2018),8
foster,8
duration,8
jankowsky,8
established,8
24,8
perspectives,8
edition,7
omr,7
grow,7
images,7
elan,7
center,7
takes,7
offers,7
done,7
contributed,7
comes,7
dr,7
practical,7
fields,7
distributed,7
instead,7
xx,7
perception,7
(with,7
guiding,7
storing,7
analysts,7
accepted,7
outside,7
benefits,7
distribution,7
active,7
dumontier,7
camera,7
-facing,7
us,7
valuable,7
uses,7
total,7
ishwar,7
composition,7
goal,7
applying,7
gulati,7
india,7
collect,7
interconnection,7
ng,7
eyesweb,7
progress,7
serves,7
supporting,7
(in,7
workshop,7
steps,7
central,7
applied,7
variety,7
keller,7
whether,7
press,7
richer,7
legal,7
requirements,7
humans,7
a1.2,7
london,7
false,7
fostering,7
indeed,7
closed,7
and/or,7
basis,7
artistic,7
aims,7
implementing,7
appropriate,7
databases,7
coverage,7
yet,7
higher,7
licensed,7
editing,7
interactive,7
timestamps,7
+/,7
extract,7
2011),7
increasingly,7
repertoire,7
ll,7
assignments,7
stand,7
added,7
mentioned,7
inter,7
frequency,7
search,7
although,7
first,7
academic,7
exposing,7
real,7
-level,7
interval,7
view,7
course,7
tpl,7
advice,7
explicit,7
makes,7
setting,7
problems,7
engagement,7
united,7
mpeg,7
-mahieux,7
series,7
argue,7
x;,7
single,7
calculations,7
month,7
address,7
unified,7
experts,7
resulting,7
git,7
-track,7
policy,7
itself,7
48,7
flow,7
mono,7
identifier,7
user™s,7
cultures,7
right,7
midi,7
cognition,7
allowing,7
exist,6
specified,6
strokes,6
contributing,6
combination,6
solid,6
joint,6
columns,6
larger,6
object,6
know,6
reliable,6
store,6
name,6
called,6
tzanetakis,6
santos,6
pr,6
archives,6
opening,6
rdf,6
recommendations,6
anyone,6
vocabulary,6
lack,6
stage,6
figures,6
specification,6
accompanying,6
(2012),6
ground,6
publications,6
initially,6
hope,6
pod,6
challenging,6
play,6
performed,6
keywords,6
just,6
phd,6
cycles,6
act,6
standardized,6
findability,6
truth,6
ed.),6
mechanism,6
focusing,6
achieved,6
basic,6
musi,6
essential,6
(including,6
million,6
relating,6
institutional,6
-aligned,6
accessibility,6
dunya,6
matlab,6
generally,6
timing,6
curator,6
cross,6
corrected,6
tion,6
vast,6
correspondence,6
numerals,6
relative,6
positives,6
members,6
get,6
anthology,6
followed,6
association,6
procedures,6
ensemble,6
disciplines,6
team,6
acousticbrainz,6
criteria,6
concerts,6
errors,6
co,6
visualization,6
(to,6
archiving,6
years,6
again,6
https://doi.org/10.1038/sdata.2016.18,6
compared,6
grant,6
mons,6
aalbersberg,6
2019,6
crowd,6
is,6
overview,6
constraints,6
6th,6
(weigl,6
innovation,6
(2008),6
27,6
10),6
-noncommercial,6
run,6
r1,6
khz,6
social,6
jacoby,6
mc,6
full,6
measures,6
label,6
kingdom,6
printed,6
avc,6
h264,6
add,6
uk,6
processed,6
copy,6
pitches,6
sampling,6
specifically,6
entity,6
fazekas,6
producing,6
ing,6
date,6
centralized,6
switzerland,6
describing,6
sd,6
protection,6
interactions,6
used,6
vocabularies,6
bit),6
76,6
[12],6
transcription,6
[11],6
characteristics,6
[10],6
structures,6
moments,6
understand,6
van,6
values,6
movements,6
techniques,6
(1),6
poole,6
low,6
pre,6
nevertheless,6
side,6
f1,6
frontiers,6
final,6
diana,6
ﬁgood,6
situation,6
close,6
nature,6
direct,6
enthusiasts,6
frame,6
combining,6
components,6
closely,5
browsing,5
kayser,5
primarily,5
signals,5
to,5
technological,5
requirement,5
department,5
musicologists,5
furthermore,5
licensing,5
challenge,5
limit,5
[9],5
2018,5
division,5
develop,5
uc_211,5
initial,5
views,5
major,5
(wav,5
mj_maraka1,5
individuals,5
[6],5
selecting,5
models,5
hard,5
36,5
variant,5
songs,5
complementary,5
la,5
-cultural,5
comprehensive,5
[21],5
[8],5
correcting,5
25,5
fact,5
chosen,5
(wilkinson,5
early,5
lab,5
substituted,5
closest,5
experiments,5
complicated,5
mins,5
timings,5
intended,5
ons,5
2013),5
2019;,5
interpretations,5
evaluation,5
popular,5
last,5
consumption,5
body,5
camurri,5
ideally,5
interlinking,5
insights,5
permissive,5
entire,5
(https://creativecommons.org/licenses/by,5
apply,5
preferred,5
differences,5
formal,5
accuracy,5
today,5
culture,5
audience,5
sophisticated,5
dedicated,5
image,5
springer,5
groups,5
20th,5
second,5
delft,5
services,5
students,5
summarized,5
measure,5
interested,5
https://doi.org/10.1007/978,5
1),5
procedure,5
convention,5
tracking,5
crucial,5
r1.3,5
-consuming,5
rich,5
said,5
f3,5
static,5
helps,5
amounts,5
specialist,5
discuss,5
ganguli,5
[16],5
every,5
building,5
mp4,5
extractors,5
option,5
11,5
uniquely,5
tends,5
-nc/4.0/),5
commonly,5
ed,5
otherwise,5
likely,5
computed,5
offered,5
performative,5
160018,5
variation,5
nd,5
average,5
users™,5
engaging,5
enrich,5
elements,5
poses,5
reasons,5
details,5
cadential,5
segmentation,5
along,5
workflow,5
teaching,5
-cases,5
considerations,5
visual,5
-sourcing,5
bogdanov,5
excellent,5
18,5
reports,5
horizon,5
numbers,5
repique,5
regarding,5
deal,5
definition,5
whose,5
april,5
class,5
clearly,5
funded,5
custom,5
change,5
carefully,5
subset,5
(i.e,5
faced,5
live,5
education,5
separate,5
prov,5
technische,5
verification,5
-of,5
ca,5
avoid,5
[5],5
marked,5
retain,5
supported,5
https://www.go,5
functionality,5
-fair.org/fair,5
prof,5
connections,5
discussion,5
options,5
local,5
contrast,5
achieve,5
expertise,5
mechanisms,5
heritage,5
preparing,5
former,5
alignments,5
a),5
seek,5
documents,5
introduce,5
‚the,5
sufficiently,5
ariza,5
cuthbert,5
engage,5
articles,5
six,5
generation,5
historical,5
necessarily,5
independently,5
annotating,5
massive,5
agree,5
tradition,5
style,5
universität,5
transcriber,5
2017;,5
moment,5
his,5
aimed,5
intellectual,5
property,5
marking,5
respectively,5
expose,5
later,5
interdisciplinary,5
growing,5
ﬁbest,5
record,5
listener,5
transcriptions,5
probably,5
nothing,5
show,5
ongoing,5
helped,5
rohrmeier,5
thank,5
institute,5
a2,5
january,5
muziekweb,5
conversion,5
copyedited,5
widely,5
scratch,5
fall,5
amateur,5
semantically,5
müller,5
[4],5
continues,4
never,4
sensors,4
debate,4
theme,4
plos,4
provid,4
validated,4
quantity,4
questionnaires,4
having,4
represent,4
interesting,4
python,4
academia,4
usic,4
july,4
accessing,4
aid,4
synchronized,4
degree,4
authors,4
acknowledge,4
wilson,4
acknowledgments,4
ajay,4
appleton,4
radio,4
htt,4
analyze,4
-called,4
piano,4
considerable,4
consortium,4
behind,4
(bertin,4
recently,4
solve,4
moving,4
begin,4
diff,4
program,4
american,4
ly,4
norway,4
2nd,4
annotators,4
flexible,4
machinery,4
(nir),4
germany,4
adapted,4
sub,4
establish,4
man,4
consideration,4
drumming,4
cur,4
(2007),4
choose,4
apart,4
directions,4
implement,4
everyone,4
aes,4
le,4
id,4
efforts,4
italy,4
back,4
developments,4
impossible,4
rare,4
proper,4
(ms),4
adjust,4
advance,4
aspect,4
come,4
hours,4
observed,4
-up,4
axton,4
publish,4
accompanied,4
predominant,4
alborno,4
wien,4
suggests,4
resolution,4
cc,4
oslo,4
become,4
jensenius,4
hofmann,4
strategies,4
viewing,4
proportion,4
named,4
meant,4
[7],4
suggested,4
biology,4
conference,4
baak,4
authentication,4
reviewers,4
additions,4
contains,4
crowdsourcing,4
downloading,4
compositions,4
‚openness™,4
2008),4
council,4
cameras,4
agreement,4
r3,4
analyzed,4
ontology,4
lower,4
colleagues,4
containers,4
(20,4
let,4
30;,4
partly,4
equipment,4
informed,4
curation,4
studied,4
outcomes,4
design,4
planning,4
nonetheless,4
(the,4
catalogue,4
(a,4
emr,4
(2),4
reliability,4
enriching,4
greater,4
reliably,4
connected,4
comparable,4
give,4
holistic,4
digitized,4
facets,4
(a),4
extensive,4
editions,4
wrapper,4
heads,4
regions,4
texts,4
concern,4
interconnected,4
roure,4
roi,4
experiences,4
uniform,4
regulation,4
half,4
workflows,4
eu,4
remains,4
convenient,4
richly,4
david,4
b2,4
regular,4
segment,4
whitman,4
ellis,4
attempts,4
2014),4
[17],4
[13],4
longer,4
perceived,4
tapped,4
place,4
seventh,4
repeated,4
tapping,4
affect,4
noted,4
lamere,4
18th,4
stands,4
adjusted,4
gkiokas,4
it,4
dynamics,4
maestro,4
immediate,4
publishing,4
(1999),4
i.e,4
gathering,4
reported,4
tsukanov,4
kaye,4
identity,4
(gotham,4
settings,4
site,4
linking,4
meet,4
effect,4
exchange,4
other™s,4
changes,4
represented,4
seen,4
compare,4
return,4
hierarchical,4
metre,4
recognition,4
follow,4
ion,4
decide,4
needed,4
ambiguity,4
once,4
parties,4
calculation,4
(css,4
ingested,4
participation,4
2010,4
gdpr,4
fuentes,4
2015,4
duos,4
likewise,4
training,4
reading,4
concrete,4
intelligence,4
promising,4
concerns,4
vary,4
ownership,4
(part,4
r1),4
emotion,4
moreover,4
styles,4
comprising,4
(for,4
initiative,4
go,4
(addressing,4
solo,4
‚open,4
ﬁthe,4
federated,4
shqashiq,4
28,4
inclusion,4
parallel,4
mutually,4
addressing,4
-grained,4
imslp,4
šand,4
rate,4
hd,4
uris,4
down,4
a1.1,4
mirror,4
unless,4
summary,4
se,4
properties,4
f4),4
third,4
illustrate,4
survey,4
quartets,4
windows,4
objects,4
fixed,4
-related,4
precision,4
‚cto7™,4
records,4
-isochronous,4
[14],4
musically,4
algorithmic,4
dundun,4
previous,4
released,4
sometimes,4
whom,4
white,4
mj,4
result,4
sufficient,4
removed,4
played,4
composer,4
tonal,4
acoustic,4
neuwirth,4
express,4
mp3,4
contemporary,4
lópez,4
-quality,4
checked,4
already,4
moss,4
json,4
unit,4
sense,4
[20],4
artist,4
throughout,4
gómez,4
verified,4
strongly,4
[19],4
targeted,4
involves,4
passages,4
outputs,4
abbreviation,4
say,4
learn,4
[15],4
overcome,4
judgement,4
nápoles,4
exists,4
fundamental,4
speed,4
below,4
koduri,4
salamon,4
[24],4
bridges,4
contain,4
person,3
i2),3
researchﬂ,3
fujinaga,3
(jembe,3
(porter,3
matching,3
reproduce,3
titles,3
zenodo,3
arkay,3
searches,3
smaller,3
customized,3
f3),3
f1),3
spellings,3
indexed,3
wi,3
rates,3
-building,3
readers,3
product,3
findings,3
somewhat,3
mapping,3
collective,3
overall,3
unambiguous,3
rizo,3
-of-the,3
positive,3
discusses,3
reflect,3
shows,3
improvements,3
statistical,3
refsum,3
alexander,3
motivation,3
2015;,3
folders,3
interpretation,3
certain,3
2016;,3
containing,3
push,3
plan,3
discovering,3
granularity,3
piece),3
anything,3
6),3
easier,3
-pitched,3
fine,3
plays,3
devices,3
medium,3
composers,3
querying,3
problematic,3
globally,3
everything,3
taxonomy,3
naming,3
categories,3
(wilson,3
volunteers,3
devaney,3
calls,3
proprietary,3
mainly,3
mali,3
employs,3
ensuring,3
cox,3
samiotis,3
(hereafter,3
decentralized,3
jonas,3
prospective,3
gomez,3
discussions,3
encouraging,3
ideas,3
curves,3
widespread,3
-lee,3
subcontinent,3
envisioned,3
addresses,3
teachers,3
improvising,3
things,3
put,3
compliance,3
history,3
sambamoorthy,3
past,3
foscarin,3
identifiable,3
-oriented,3
instance),3
exploring,3
accompaniment,3
closer,3
repovizz,3
answer,3
mridangam,3
scientists,3
aiming,3
helpful,3
cleaning,3
anthologies,3
category,3
supports,3
scanned,3
interlinked,3
(rdf),3
frequently,3
engineering,3
merely,3
gangemi,3
(2009),3
shanahan,3
involving,3
musescore.com,3
attempt,3
outlined,3
sites,3
topics,3
running,3
commission,3
mostly,3
i3),3
i1,3
expo,3
enriched,3
(like,3
openscore,3
rendered,3
collecting,3
xml,3
commercially,3
freesound,3
schema,3
base,3
2012),3
notion,3
communication,3
cham,3
mnx,3
converters,3
traditional,3
reality,3
living,3
sector,3
mark,3
decisions,3
elsewhere,3
editable,3
vignesh,3
b1,3
16th,3
improved,3
-to-date,3
verovio,3
(2002),3
cost,3
approved,3
ding,3
2021),3
researcher,3
increasing,3
guide,3
(2001),3
tenets,3
house,3
south,3
thinking,3
transactions,3
rao,3
hundreds,3
upon,3
(1st,3
built,3
allik,3
raimond,3
(dlfm,3
musician,3
chords,3
accommodate,3
abbreviations,3
-trivial,3
commit,3
contents,3
contributor,3
diversity,3
tymoczko,3
china,3
caro,3
greece,3
ontology;,3
athens,3
ma,3
chain,3
broader,3
computers,3
highlight,3
annual,3
sangeet,3
layers,3
opportunities,3
introducing,3
india),3
krishna,3
dat,3
interweaving,3
enhanced,3
conceptual,3
trigger,3
instances,3
tilburg,3
actual,3
hidden,3
cadence,3
you,3
-world,3
really,3
auto,3
enjoyment,3
link,3
handle,3
syntax,3
illustrated,3
[23],3
miami,3
12th,3
internal,3
rely,3
bertin,3
umpire™,3
‚working,3
harmony™,3
her,3
artifacts,3
gutierrez,3
[22],3
acknowledged,3
https://doi.org/10.1145/3358664.3358666,3
[18],3
scarcity,3
players,3
-principles/,3
bring,3
2011;,3
primary,3
intelligent,3
adoption,3
incorporated,3
module,3
font,3
session,3
this,3
candidates,3
bechhofer,3
derive,3
straightforward,3
dividing,3
ideal,3
da,3
idea,3
neo4j,3
organize,3
eu™s,3
seeking,3
inclusive,3
interlink,3
advanced,3
(api),3
display,3
until,3
title,3
import,3
-century,3
careful,3
kaustuv,3
kanti,3
nce,3
coordinated,3
sequence,3
column,3
96,3
combine,3
wheel,3
think,3
lyrical,3
-processing,3
bibliographic,3
catalog,3
84,3
scope,3
integrity,3
d1,3
preference,3
equivalent),3
imagine,3
maximally,3
assessment,3
toward,3
conclusion,3
acknowledgements,3
-only,3
seem,3
languages,3
sparql,3
other,3
berners,3
translation,3
volk,3
urbano,3
flexer,3
list,3
newly,3
statistics,3
tions,3
housed,3
42,3
unifying,3
connecting,3
pedagogical,3
compression,3
proposed,3
demanding,3
-accessible,3
environment,3
programming,3
self,3
secure,3
becoming,3
modern,3
ies,3
propose,3
node,3
workshops,3
arrows,3
document,3
largely,3
proof,3
remain,3
involve,3
ce™s,3
bhatkhande,3
œ6),3
onsets_selected,3
gain,3
additionally,3
account,3
committed,3
reflection,3
earlier,3
100,3
(jakubowski,3
contact,3
platforms,3
private,3
varied,3
filmed,3
scholar,3
reason,3
maximize,3
conduct,3
permitted,3
usability,3
virtual,3
separately,3
synchronizing,3
);,3
papers,3
reach,3
uruguay,3
brought,3
majority,3
reused,3
(b),3
keeping,3
en,3
editors,3
generating,3
why,3
barycenter,3
journals,3
mixing,3
prominent,3
known,3
falling,3
latter,3
wav,3
routledge,3
parameter,3
lausanne,3
percussion,3
par,3
occasionally,3
mcfee,3
bittner,3
bin,3
five,3
select,3
inform,3
accurate,3
guided,3
archive,3
retained,3
structuring,3
gathered,3
progressive,3
(serra,3
your,3
remove,3
35,3
apparent,3
literature,3
khyal,3
separation,3
fo,3
xavier,3
44.1,3
implemented,3
co-curator,3
(mj),3
ted,3
mass,3
strictly,3
youtube,3
beethoven,3
visualizations,3
minor,3
bouts,3
depends,3
augmented,3
computationally,3
notebooks,3
mobile,3
bleed,3
patches,3
txt,3
searching,3
specifying,3
commentary,3
component,3
numerous,3
conceived,3
patch,3
46,3
ure,3
advantages,3
analysing,3
below),3
occurrence,3
chose,3
estimate,3
stewards,3
voice,3
did,3
martin,3
threshold,3
difficulties,3
location,3
visualized,3
playing,3
(clayton,3
variations,3
mov,3
wa,3
fell,3
and,3
chico,3
estimation,3
maintaining,3
keep,3
sounds,3
download,3
natural,3
normalized,3
band,3
resultant,3
gesture,3
programs,3
(this,3
tanpura,3
use,3
meaningfully,3
energy,3
linkage,3
(eerola,3
exported,3
revoke,3
permission,3
stroke,3
slightly,3
reusability,3
discussing,3
performer,3
17,3
contextual,3
leante,3
facilitating,3
compromise,3
relation,3
envelope,3
2007),3
extended,3
2014,3
completely,3
2018;,3
prior,3
videos,3
transforming,3
referring,2
backend,2
crosas,2
harasim,2
employing,2
facing,2
evelo,2
costly,2
f2,2
nisula,2
40ms,2
sam,2
music),2
originally,2
ostinato,2
coming,2
aud,2
referred,2
descriptive,2
replaced,2
windowing,2
preceding,2
73,2
recognizable,2
90,2
absence,2
stylistic,2
insufficient,2
https://github.com/openscore/lieder,2
–),2
factor,2
specifies,2
indepen,2
spelling,2
completed,2
hierarchy,2
er,2
cause,2
loss,2
humdrum,2
-and,2
empirically,2
ith,2
choosing,2
episodes,2
streams,2
-schultz,2
roles,2
locations,2
minimal,2
multitude,2
-dataset,2
gabriele,2
histograms,2
calculated,2
cecchetti,2
articulating,2
boundary,2
mckay,2
subdivisions,2
words,2
corpus™,2
-standard,2
skill,2
argued,2
violin,2
khz),2
sampled,2
mozart,2
128,2
collaborate,2
kbps,2
streamlined,2
cover,2
-lieder,2
tran,2
sing,2
punctuation,2
theory™,2
resear,2
(koduri,2
cumming,2
(2006),2
paragraph,2
downbeat,2
(matlab),2
obtain,2
one,2
phase,2
albums/concerts,2
files),2
(which,2
cr,2
gotham™s,2
host,2
uc),2
arthur,2
condit,2
3%,2
tilley,2
utility,2
fro,2
reject,2
improvement,2
(jacobsen,2
or,2
downloaded,2
coordinating,2
observational,2
sapp,2
subsections,2
item,2
(using,2
hurdles,2
ccarh,2
rodin,2
transcoding,2
participant,2
orally,2
elliott,2
kleek,2
simperl,2
**harm,2
**kern,2
-used,2
personally,2
attribute,2
navigate,2
increase,2
adhere,2
miller,2
emphasized,2
handled,2
legislation,2
brown,2
speaks,2
portal,2
neuhoff,2
laitz,2
zerr,2
whic,2
participating,2
carry,2
(through,2
remixing,2
doubt,2
look,2
i3,2
fulfil,2
ambition,2
choice,2
tinati,2
transparently,2
zed,2
demonstration,2
participate,2
sﬂ,2
target,2
focused,2
reeves,2
gender,2
invoked,2
unauthorized,2
interests,2
advances,2
vision),2
domains,2
report,2
for,2
22,2
am,2
communit,2
secondly,2
roeske,2
alternative,2
tonality,2
replicated,2
follows,2
ethic,2
largest,2
gap,2
‚openscore,2
promote,2
undergraduate,2
(mj,2
lottie,2
shar,2
utilize,2
stop,2
authorization,2
severely,2
safeguards,2
releasing,2
anstee,2
adding,2
determining,2
feld,2
informatio,2
tan,2
2008;,2
zemp,2
tackling,2
-style,2
(mir),2
investigated,2
music21,2
taught,2
brookes,2
jha,2
meer,2
discrete,2
ramanathan,2
raja,2
trivedi,2
1998;,2
documented,2
enables,2
danielou,2
ha,2
1999),2
jacquemard,2
mitchell,2
fournier,2
influences,2
-s™niehotta,2
indices,2
deshpande,2
paired,2
consistent,2
(mei),2
angles,2
reviewed,2
background,2
drone,2
slippery,2
explain,2
(two,2
initiative™s,2
typical,2
granular,2
improvisatory,2
markup,2
transcribers,2
existence,2
comprehensively,2
presence,2
going,2
plumbley,2
arabic,2
(lewis,2
getting,2
effective,2
gave,2
mixes,2
scenarios,2
recordist,2
supervised,2
posed,2
bootstrap,2
incentivized,2
similarity,2
-maggetti,2
css,2
convertible,2
snippets,2
rest,2
ation,2
2020;,2
systematic,2
renditions,2
targeting,2
permissions,2
f4,2
ts;,2
bullivant,2
northern,2
spreadsheet,2
al.™s,2
fischetti,2
southern,2
-defined,2
refers,2
viable,2
(jennett,2
socio,2
evolve,2
5),2
albrecht,2
benefitted,2
sloetjes,2
wittenburg,2
degroot,2
offering,2
extractor,2
equivalent,2
tala,2
reisen,2
paradigm,2
fabian,2
chennai,2
proved,2
rebholz,2
-schuhman,2
assertions,2
ble,2
ga,2
intonation,2
-anthology,2
(uris),2
optimized,2
funding,2
scheme,2
forthcoming,2
-generated,2
topic,2
schedl,2
trial,2
dissertation,2
sixth,2
prepared,2
critically,2
œ106),2
despite,2
enthusiasm,2
print,2
doing,2
slow,2
polytechnique,2
feasibility,2
voigt,2
po,2
école,2
von,2
adjusting,2
dem,2
collins,2
harper,2
story,2
bussche,2
efficiency,2
samples,2
prakashan,2
maintained,2
requiring,2
œ596),2
591,2
(even,2
heard,2
si,2
(roi),2
differ,2
indications,2
operations,2
analys,2
portions,2
implied,2
of),2
analyst,2
modalities,2
confused,2
https://,2
ata,2
70,2
informative,2
staccato,2
https://doi.org/10.7916/d8nz8j07,2
against,2
readings,2
cc0,2
haydn,2
wilmering,2
benford,2
ragas,2
opt,2
disparate,2
aggregated,2
41,2
areas,2
0.75,2
correct,2
reaching,2
delhi,2
disagree,2
divergences,2
bars,2
-vi,2
finding,2
transcribing,2
fédérale,2
respecting,2
786,2
commentaries,2
‚non,2
fundamentally,2
interconnecting,2
spectral,2
flux,2
-commercial™,2
inherent,2
ought,2
‚attribution™,2
can,2
endeavor,2
manuscripts,2
intervals,2
ts),2
monolithic,2
digitization,2
textual,2
judgements,2
ready,2
doors,2
technique,2
sugimoto,2
œ792),2
quite,2
forward,2
14,2
-use,2
consistency,2
toolbox,2
actually,2
optimize,2
-pass,2
filtered,2
facilitated,2
minimum,2
philosophy,2
applies,2
psychological,2
mattioli,2
ekbia,2
(cc0,2
pd,2
amplitude,2
(3),2
gutiérrez,2
(p,2
(2004),2
expected,2
interaction;,2
archives),2
reached,2
23,2
augment,2
argument,2
genuine,2
incorporates,2
humanly,2
upper,2
onsets),2
speech,2
polyphonic,2
accurately,2
clarity,2
head,2
coordinates,2
power,2
appetite,2
malaga,2
(towards,2
holzapfel,2
submission,2
claims,2
pixels,2
adherence,2
drums,2
something,2
strict,2
correspondences,2
informally,2
acknowledging,2
only),2
economic,2
academy,2
ou,2
quantities,2
ar,2
(if,2
39,2
incorporating,2
acoustics,2
bayesian,2
https://musicbrainz.org/,2
-in-harmony/,2
taking,2
distinct,2
26,2
-on,2
truly,2
50,2
collec,2
pilot,2
trios,2
19,2
differently,2
completeness,2
microphones,2
slower,2
off,2
respect,2
op,2
-step,2
frequencies,2
hz),2
belonging,2
late,2
imply,2
sought,2
constantly,2
‚roman,2
repertory,2
similarly,2
acts,2
conventions,2
annotations),2
snapshots,2
leading,2
notations,2
des,2
origins,2
expression,2
(swartz,2
parsed,2
2002),2
mbid,2
notably,2
versioning,2
dump,2
fuginaga,2
incorrect,2
reward,2
expressive,2
aga,2
adhering,2
corpusﬂ,2
75,2
function,2
thought,2
ii,2
knopke,2
33,2
recruitment,2
temp,2
qualified,2
diminished,2
-piece,2
mantic,2
limitations,2
tend,2
links,2
(m,2
69,2
package,2
triplet,2
visualizer,2
whenever,2
foundation,2
converted,2
position),2
sizes,2
imslp),2
osf,2
fluctuations,2
exposes,2
simplest,2
-2,2
(mpeg,2
modeling,2
-tone,2
variable,2
(cannam,2
assisted,2
2010),2
recognized,2
commitment,2
priorities,2
match,2
representative,2
encouraged,2
[26],2
cohen,2
(often,2
subjective,2
collaboration,2
40,2
collections;,2
contrib,2
true,2
repeating,2
cd,2
(cymbals),2
(lute),2
musicxml),2
downbeats,2
gumbri,2
conte,2
rhythms,2
xt,2
featuring,2
occur,2
adequately,2
rarely,2
bit,2
(kolkata,2
phippen,2
systematically,2
appear,2
eck,2
hanjalic,2
wiggins,2
channels,2
invite,2
51,2
upf,2
intermediate,2
undifferentiated,2
annaliese,2
highlighting,2
amazon,2
multifaceted,2
adjustment,2
procedural,2
(sandler,2
pertaining,2
grimaud,2
micallef,2
conducting,2
interacting,2
corpora),2
houses,2
demonstrates,2
check,2
excel,2
priority,2
omprehensive,2
nominal,2
studio,2
effectively,2
petrucci,2
student,2
presents,2
ot,2
i6,2
equal,2
durations,2
-licensed,2
agents,2
authority,2
(fields,2
merged,2
-interface,2
col,2
avi,2
visualizes,2
discoverable,2
49,2
nformation,2
extension,2
ope,2
familiar,2
skills,2
encyclopedia,2
opportunity,2
scenario,2
fps,2
subsequently,2
ent,2
organizations,2
try,2
b),2
screenshots,2
companies,2
successful,2
rafael,2
https://creativecommons.org/licenses/by,2
sankalp,2
markov,2
(foster,2
solving,2
(0.6%),2
umbrella,2
orchestrated,2
suggestions,2
scienceﬂ,2
recommendation,2
ensembles,2
pinkham,2
professor,2
a2),2
(gdpr),2
percentage,2
call,2
raise,2
u.k,2
triggered,2
declaration,2
funder,2
profile,2
(multi)media,2
exemplified,2
disagreement,2
st,2
-generating,2
college,2
les,2
packaged,2
actions,2
(tpl),2
(c,2
œ88),2
investigación,2
formation,2
transition,2
(0%),2
dependencies,2
corpus),2
sv,2
continue,2
ycle,2
32,2
pe,2
lowest,2
(uc),2
cello,2
production,2
motivations,2
determined,2
mission,2
looking,2
starting,2
inspired,2
30,2
(range,2
missed,2
tempo),2
detected,2
œ77,2
ferme,2
contextualize,2
17(1),2
swartz,2
leave,2
docker,2
cito,2
inspecting,2
gall,2
almost,2
ideals,2
immediately,2
beginning,2
individually,2
(steinberg),2
reproduction,2
happened,2
face,2
life,2
behavior,2
cal,2
pursuing,2
(font,2
https://doi.org/10.18061/emr.v,2
outset,2
decision,2
-known,2
meeting,2
symbiosis,2
(sv),2
left,2
box,2
shot,2
analysis),2
considerably,2
co-pi,2
ser,2
3.2.1,2
imperative,2
attributes,2
saito,2
integrated,2
increased,2
-chacón,2
uc;,2
nakamura,2
ono,2
learned,2
sagayama,2
uploaded,2
folder,2
ritual,2
layer,2
file/import,2
annotation;,2
sibelius,2
export,2
genre,2
variability,2
luca,2
versus,2
responses,2
as,2
karreman,2
vroomen,2
sarasúa,2
conducted,2
-1,2
anonymized,2
itself),2
ritmo,2
(online),2
a3,2
british,2
3.70,2
4.86,2
biggest,2
becomes,2
persistence,2
safeguarding,2
pods,2
minimizing,2
fil,2
mutual,2
edit,2
comparative,2
experiment,2
lists,2
seventeenth,2
brief,2
5.5,2
illustrates,2
respond,2
asking,2
factors,2
such,2
critical,2
(ts,2
believe,2
overarching,2
expanding,2
paris,2
5th,2
max,2
(mjpeg,2
strong,2
feel,2
rainer,2
turnbull,2
planck,2
-built,2
2011,2
república,2
improvisation,2
universidad,2
interviews,2
server,2
france,2
aesthetics,2
edinburgh,2
test,2
-centered,2
measurements,2
classes,2
restrictions,2
written,2
dissemination,2
https://www.w3.org/tr/prov,2
sign,2
confere,2
groove,2
hague,2
clara,2
precise,2
afford,2
wear,2
possibly,2
ultimate,2
image],2
venue,2
deep,2
richard,2
bozzon,2
œ8),2
geographic,2
llop,2
maestre,2
also,2
lecture,2
chicago,2
microtiming,2
bello,2
catalogues,2
(201,2
biscainho,2
stricter,2
people's,2
suzhou,2
anonymous,2
[moving,2
2006),2
routines,2
31,2
silva,2
jacobsen,2
audio),2
equally,2
duo,2
-peñuela,2
3(1),2
folk,2
eswc,2
8th,2
interchange,2
(jensenius,2
kvifte,2
godøy,2
1st,2
expressing,2
achieving,2
-purpose,2
improvisations,2
a1),2
-tap,2
programme,2
h2020,2
54,2
spread,2
finite,2
w3c,2
ﬁbinsﬂ,2
christine,2
ahrends,2
genoa,2
wiering,2
correction,2
ses,2
annotat,2
sddifference,2
countries,2
broadly,2
(esq),2
maraka,2
repertoires,2
roughly,2
(css),2
freedom,2
cannam,2
(iempdc),2
strengthen,2
ﬁfree,2
representational,2
stallman,2
landone,2
ap,2
tap,2
https://doi.org/10.1145/1873951.1874248,2
-field,2
relate,2
œ24),2
embodied,2
qc,2
montreal,2
graphs,2
primer,2
(uri),2
-primer,2
fairification,2
53rd,2
2008,2
capadisli,2
command,2
danielsen,2
-line,2
attending,2
turning,2
receive,2
readable,2
triple,2
anton,2
business,2
musicae,2
scientiae,2
toronto,2
replicability,2
importance,2
-mail,2
informs,2
essen,2
triples,2
volpe,2
holders,2
38,2
(score,2
(fonseca,2
voices,2
daquino,2
ewell,2
world™s,2
lies,2
meta,2
™19),2
ter,2
osf™s,2
holdings,2
forces,2
6.4),2
undertake,2
fully,2
r5,2
appears,2
implications,2
19),2
-3,2
6.2,2
i2,2
jump,2
strengths,2
request,2
connection,2
lines,2
creates,2
protected,2
welcomed,2
newsletter,2
éal,2
definitions,2
(re,2
ore,2
timelines,2
finer,2
submit,2
2021,2
concerned,2
collaborators,2
connect,2
(json,2
-initiated,2
bec,2
suited,2
architecture,2
goals,2
dlfm,2
replication,2
fix,2
traction,2
https:/,2
(jcdl),2
(audio,2
fragments,2
hughes,2
acm/ieee,2
standardizing,2
conversation,2
prototype,2
ta,2
exploited,2
controlled,2
-data,2
constructed,2
ve,2
conditions,2
comply,2
expand,2
ns,2
hare,2
(s),2
corrections,2
giraud,2
urgent,2
promoting,2
amongst,2
bringing,2
preservation,2
-application,2
soon,2
protocol,2
daniel,2
giasson,2
decades,2
author,2
possibilities,2
abdallah,2
continuous,2
navigation,2
factored,2
https://trompa.mdw.ac.at,2
technician,2
fi,2
-friendly,2
affords,2
int,2
charge,2
arrange,2
(skos),2
comparing,2
entirely,2
-contextualize,2
recognize,2
designated,2
led,2
endpoint,2
21st,2
r4,2
hypothetical,2
judge,2
(clara),2
ask,2
etc,2
firmly,2
proposes,2
straus,2
matter,2
saw,2
montr,2
peeters,2
pi,2
implies,2
repetto,2
43,2
alphabetical,2
hisama,2
naturally,2
tr,2
input,2
13,2
order),2
‚open™,2
plesser,1
recaptcha,1
https://doi.org/10.1145/2072529.2072531,1
https://doi.org/10.1145/2872518.2890529,1
œ226),1
ﬁconnecting,1
entitled,1
engages,1
223,1
mansour,1
viewpoints,1
ranging,1
sambra,1
‚bad™,1
moves,1
‚manually,1
permanent,1
-click,1
dotsﬂ,1
(‚do,1
hawke,1
ctly,1
formats),1
müllensiefen,1
ghanem,1
conviction,1
bourdeau,1
hendler,1
(scores,1
ﬁenabling,1
nkambou,1
"data,ﬂ",1
observation;,1
departments,1
mcgill™s,1
vs,1
illustrating,1
25th,1
understood,1
zereba,1
alex,1
dire,1
match?™),1
‚good™,1
excerpts,1
lacking,1
matthew,1
licability,1
ethnomusicological,1
bamford;,1
-output,1
excha,1
prefer),1
https://archives.ismir.net/ismir2015/paper/000210.pdf,1
https://doi.org/10.1109/msp.2018.2875349,1
button,1
málaga,1
occasions,1
sic,1
‚camp.™,1
mu,1
nge,1
2006,1
confirmed,1
preparedness,1
productive,1
witness,1
biases,1
-centered),1
https://doi.org/10.1109/jcdl.2017.7991563,1
1œ10),1
(western,1
pointing,1
github/gitlab,1
icology™,1
‚digital™,1
editor,1
inviting,1
adopting,1
collectionﬂ,1
enforce,1
fictional,1
hosting,1
jessi,1
https://doi.org/10.1145/3243907.3243911,1
‚computational™,1
pressures,1
(either,1
œ58),1
magazine,1
moore,1
‚musicological™,1
œ137,1
monterey,1
pugin,1
‚traditional™,1
communicatio,1
(potentially),1
ornaments,1
ven,1
reviewer,1
http://smc.afim,1
"each,[15]",1
‚download™,1
œ1192),1
inciples,1
viewable,1
han,1
conferences,1
1185,1
-asso.org/smc,1
ours,1
smc/icmc,1
moschos,1
skips,1
repeats,1
distributing,1
steadily,1
minded,1
desynchronized,1
"musicology,ﬂ",1
hose,1
affects,1
münnich,1
-practice,1
worby,1
-author,1
mcdonald,1
affiliations,1
layered,1
‚ethnomus,1
realising,1
-outputhidden.pdf,1
-merged,1
(different),1
reasonably,1
atomic,1
stefan,1
-b08,1
-2014/images/proceedings/os19,1
-icmc,1
az,1
allocat,1
exactly,1
princip,1
explori,1
interconnect,1
disconnected,1
paulheim,1
maleshkova,1
understandable,1
unaccust,1
rudolph,1
omed,1
-checking,1
nuzzolese,1
‚many,1
one™,1
products,1
inst,1
‚micro,1
-contributions™,1
elp,1
role,1
-implementing,1
weaknesses,1
gentile,1
monolith,1
-)consider,1
diminishing,1
alam,1
presume,1
introduc,1
modest,1
kaliyaperumal,1
submissions,1
-from,1
-scratch,1
ab,1
initio,1
devoting,1
.[1],1
-3-319-98192-5_60,1
469œ477),1
path,1
matter;,1
ch,1
big,1
reviewing,1
2017).[3],1
11155),1
.[4],1
(plesser,1
(vol,1
satellite,1
-star,1
assessing,1
scottsdale,1
modes,1
https://doi.org/10.7551/mi,1
polished,1
tn,1
ocess,1
thorough,1
treasure,1
knoxville,1
"songs,[5]",1
leads,1
troves,1
hiding,1
hasnain,1
failure,1
unequivocally,1
disadvantage,1
drives,1
wealthy,1
atism,1
circumstances,1
swell,1
publishes,1
pragm,1
-read,1
https://doi.org/10.1145/2785527.2785531,1
have,1
lie,1
-94-007-4587-2_7,1
replicable,1
else™s,1
thin,1
œ122),1
105,1
fees,1
cambridge,1
goodchild,1
elwood,1
expectation,1
protocols,1
sui,1
perfection,1
typology,1
groups),1
(suc,1
volunteered,1
mit,1
haklay,1
-comers,1
showcase,1
ps://doi.org/10.3389/fninf.2017.00076,1
schultes,1
disseminating,1
43(4),1
-important,1
https://doi.org/10.1145/3358664.3358669,1
challenges?,1
invigorate,1
ic,1
seems,1
terminology,1
seeks,1
‚fair™),1
perfect,1
iss,1
observations,1
ps://doi.org/10.1145/3273024.3273038,1
appointment,1
œ25),1
sessions,1
reusable™,1
gh,1
copyrigh,1
agenda,1
mae,1
specif,1
635,1
ﬁfair,1
enjoy,1
detraction,1
™11),1
(mirum,1
dissociating,1
watershed,1
ec,1
societies,1
synthesize,1
https://doi.org/10.1109/icmew.2015.7169835,1
œ4),1
genuinely,1
webﬂ,1
burdening,1
bodies,1
convince,1
merits,1
(icmew),1
innovating,1
phenicx,1
https://doi.org/10.1093/em/cav073,1
œ647,1
stro,1
throu,1
https://doi.org/10.1002/9781118976005.ch39,1
jennett,1
distraction,1
https://doi.org/10.1162/dint_a_00028,1
œ65,1
‚spell,1
",[7]",1
introduced,1
impacted,1
frankly,1
consolidation,1
56,1
ues,1
(1œ2),1
so),1
motivates,1
merit,1
generic,1
inspire,1
thompson,1
roos,1
‚less,1
musical™,1
viewpoint,1
-won,1
-making,1
-checker™,1
deeper,1
œ841),1
neuroinformatics,1
expect,1
wholesale,1
communic,1
831,1
dismiss,1
‚findable,1
wiley,1
revising,1
awareness,1
‚f.a.i.r.™,1
confronted,1
kirakowski,1
persists,1
ate,1
inevitably,1
jensenius™s,1
norman,1
websites,1
ontol,1
encourageme,1
ogy,1
-focused,1
read/write,1
day,1
brahms,1
(via,1
ﬁrecorded,1
downloads,1
zubani,1
entails,1
more),1
factoring,1
-kit,1
product™),1
exclusively,1
-8387,1
usescore.com,1
hosken,1
https://doi.org/10.17613/5ae5,1
institu,1
fred,1
œ53),1
-sets,1
rubinstein,1
7th,1
away,1
œ52),1
https://doi.org/10.1145/3424911.3425519,1
distinguish,1
teaches,1
transposed,1
https://musescore.com/openscore,1
ﬁreproducible,1
-12,1
.4324/9781315595894,1
https://doi.org/10,1
‚quality™,1
-corpus/sets,1
sonatas,1
https://osf.io,1
wit,1
courses,1
brahms™s,1
abingdon,1
œ42),1
llorens,1
/github.com,1
ana,1
gibson,1
corporaﬂ,1
boston,1
posts,1
conductor,1
(musescore.com,1
case),1
consistently,1
univer,1
unequivocal,1
lyricist,1
choi,1
closure,1
wikidata.org,1
christopher,1
-017,1
-singing,1
sight,1
western,1
https://doi.org/10.1007/s00799,1
œ47,1
kell,1
incorporation,1
event),1
‚policy™,1
hypothesis,1
raises,1
ology™,1
ﬁdrum,1
ont,1
ability,1
baker™s,1
compares,1
",[12]",1
kijas,1
ultimately,1
can™t,1
rpiece,1
desired,1
that™s,1
cente,1
pdf,1
video),1
musicbrainz.org,1
jansson,1
doremus.org,1
puts,1
-9,1
‚music,1
icensing,1
-0223,1
viewed,1
-14.html,1
winget,1
manifestos,1
proactive,1
ek,1
-tuning,1
rapidly,1
depend,1
raz,1
wider),1
pedagogy,1
laid,1
let™s,1
tasks;,1
16i1.7644,1
moti,1
ambitious,1
vate,1
-y),1
(tuomas,1
koch,1
ben,1
ill,1
-rewarded,1
prominently,1
purposes),1
hands,1
mozart™s,1
‚fri,1
slippage,1
richest,1
christoph,1
claim,1
greatest,1
-defining,1
finale),1
(musi,1
‚interoperable™,1
c21,1
universities,1
colleges,1
2014;,1
heinrich,1
(campbell,1
theorist,1
(horton,1
https://sites.google.com/view/sysmus/blog#h.p_mos4c1lo3w,1
parseable,1
(losing,1
task),1
she,1
-tutorial,1
dortmund,1
drive,1
centered,1
dots,1
reproducibl,1
https://doi.org/10.1002/asi.20876,1
‚semantic™,1
cruitment,1
œ1897,1
duane,1
crudely),1
reckon,1
(both,1
‚openness™),1
(somewhat,1
platform(s),1
1878,1
(12),1
59,1
expositional,1
http://ismir2018.ircam.fr/pages/events,1
"1,200",1
rests),1
renewed,1
immediatel,1
tutorial,1
eerola;,1
uptake,1
odd,1
(joshua,1
conveys,1
paid,1
whom?,1
two,1
default,1
principled,1
thes,1
cologyﬂ,1
omer,1
practicalities,1
narrowly,1
https://musicscience.net/2018/05/25/open,1
grants,1
f.a.i.r,1
-in-music,1
"corpus,ﬂ",1
-science/,1
baker,1
herlands,1
dixon,1
œ481,1
cartwright,1
baratè,1
bother,1
transparent,1
-consumption,1
omr),1
rrenburg,1
characters,1
worse,1
https://doi.org/10.1016/j.envsci.2015.05.008,1
unfamiliar,1
net,1
475,1
fabian.moss@epfl.ch,1
-critical,1
realize,1
harder,1
environmental,1
consultations,1
resnik,1
remarkabl,1
181.2998302,1
ludovico,1
-split,1
balancing,1
mo,1
positioning,1
pedal,1
rticle,1
anywhere,1
bottom,1
staff,1
comments,1
thi,1
undue,1
multilayer,1
complication,1
blog,1
plitting,1
break,1
counted),1
ranks,1
presti,1
ntalampiras,1
conversions,1
sh,1
nk,1
email,1
rg/10.1145/2998,1
pearson,1
(most,1
ﬁsaraga,1
worthwhile,1
github/gitlab),1
inaugural,1
perennial,1
-1015,1
ionally,1
nd.pdf,1
computat,1
backgrounds,1
teach,1
all™,1
-media,1
-esque,1
stylings,1
://ismir2007.ismir.net/proceedings/ismir2007_p417_raimo,1
(developers,1
sustainable,1
typke,1
-minded,1
bainbridge,1
lee,1
"music,ﬂ",1
https://doi.o,1
arger,1
begun,1
worlds,1
œ2152),1
esirable,1
novices,1
musicians),1
2137,1
lara,1
proportionately,1
.[14],1
stimuli,1
ction™,1
-track),1
nt,1
experienced,1
portland,1
™17,1
cscw,1
cooperative,1
poltrock,1
(partially,1
clefs,1
-rare,1
decisively,1
duan,1
archiveﬂ,1
koch™s,1
hu,1
ional,1
bridge!ﬂ,1
contrapuntal,1
sectio,1
stopping,1
ﬁmultitrack,1
ﬁtake,1
-3-319-57959-7,1
99,1
-set,1
aljanaki,1
optimizing,1
shorter,1
62/dint_a_00049,1
communal,1
metrics,1
investing,1
https://doi.org/10.11,1
cunningham,1
ansparency,1
scores™,1
(baroque),1
‚minimal,1
tradeoff,1
decent,1
melosol,1
sity,1
mirdata,1
peeter,1
‚best™,1
project™s,1
namely,1
rter,1
qualify,1
improv,1
internat,1
coordina,1
http://archives.ismir.net/ismir2017/paper/000190.pdf,1
œ228),1
221,1
elected,1
sake,1
cadences,1
œ275,1
264,1
fallen,1
fidelity,1
curating,1
emulate,1
databaseﬂ,1
exceptions,1
option),1
representativity,1
notational,1
aware,1
œ55),1
operate,1
datasetﬂ,1
specificities,1
converter,1
problem),1
lindsay,1
ﬁcultural,1
milano,1
firstly,1
guaranteeing,1
(mmrp),1
‚updating™,1
https://doi.org/10.1109,1
balance,1
-2),1
do™,1
2(1,1
anna,1
tipping,1
37,1
ures,1
distances,1
worst,1
kirkpatrick,1
proceed,1
ong'ayo,1
amateu,1
feat,1
basajja,1
stokmans,1
https://doi.org/10.1109/5254.988466,1
quick,1
invites,1
kim,1
pums,1
/mmrp.2019.00017,1
‚not,1
flagrant,1
bouwman,1
responsibilities,1
lessons,1
https://doi.org/10.1109/icme.2011.6012204,1
http://www.sma.ac.uk/wp,1
document™,1
(ﬁcooke,1
dﬂ),1
3a,1
strategy,1
sma™s,1
horton,1
nested,1
œ110),1
-independent,1
104,1
(tenor,1
-proof,1
dezrann,1
(2018,1
oads/2017/04/sma_newsletter_april,1
-2017.pdf,1
huron,1
bell,1
2c,1
https://www.cs.dartmouth.edu/~doug/diff.pdf,1
cryptic,1
#41,1
cstr,1
laboratories,1
telephone,1
rison,1
stanford,1
compa,1
differential,1
(1976),1
-character,1
nobody,1
mcilroy,1
hunt,1
leguy,1
engines,1
organizational,1
feisthauer,1
upham,1
margot,1
rvedﬂ),1
4a,1
kokubu,1
ju,1
howes,1
opensc,1
validate,1
incomplete,1
(2021,1
https://viva.pressbooks.pub/openmusictheory,1
pressbooks,1
viva,1
evaluate,1
(202,1
(ﬁprese,1
iterative,1
3b,1
432œ438),1
incremental,1
tempti,1
verify,1
groult,1
3c,1
gui,1
https://doi.org/10.5281/zenodo.4245459,1
erence,1
(recommended),1
conf,1
ernational,1
oftware,1
repositor,1
eedings,1
proc,1
mendelssohn,1
(4th,1
2b,1
mistakes,1
digitize,1
901œ907),1
microtask,1
lofi,1
1d,1
ecording,1
mauri,1
qiu,1
œ59),1
55,1
tedious,1
(camera1,1
(pre,1
roland,1
://doi.org/10.11116/mta.7.1.1,1
œ63,1
7(1),1
-questionnaire1,1
https://doi.org/10.5281/zenodo.4245579,1
acquisition,1
1c,1
versuch,1
schott,1
redundancy,1
mainz,1
tonsetzkunst,1
theorie,1
geordneten,1
einer,1
(1832),1
http://www.sscm,1
weber,1
https://doi.org/10.5281/zenodo.3527755,1
123œ129),1
representing,1
lexible,1
romantext,1
-wlscm.org,1
diatonic,1
jazz,1
(a001,1
murdock,1
flanders,1
fun,1
harmalysis,1
https://musictheoryexamplesbywomen.com/,1
women,1
(ﬁprocessedﬂ),1
parsell,1
2a,1
enc,1
https://doi.org/10.5334/tismir.45,1
42œ54,1
rome,1
roads,1
micchi,1
https://doi.org/10.1093/llc/fqaa058,1
-writing,1
losing,1
oding,1
https://doi.org/10.1080/17459737.2011.573676,1
(abc),1
œ53,1
5(1),1
mathematics,1
generative,1
http://josquin.stanford.edu/,1
josquin,1
https://doi.org/10.3389/fdigh.2018.00016,1
1e,1
83œ85),1
ated,1
annot,1
-dd98,1
https://doi.org/10.17613/380x,1
ba,1
ckups,1
quickly,1
peterson,1
lavengood,1
jarvis,1
hamm,1
-spirit,1
wikipedia,1
force,1
-fetched,1
majors,1
delve,1
manifesto,1
foundations,1
accept,1
suffice,1
rice,1
partially,1
centres,1
excellence,1
rudge,1
levine,1
262762,1
-connectivity,1
dream,1
enemy,1
reinvent,1
searchers,1
tanford,1
(http://www.musedata.org,1
comparably,1
exceptionally,1
join,1
unnecessary,1
but,1
fit,1
atabase,1
analogy,1
vehicles,1
musedata,1
http://www.mtosmt.org/issues/mto.16.22.1/manifesto.pdf,1
tires,1
screws,1
250698,1
p.o,1
higgins,1
bonn,1
[27],1
converting,1
friedrich,1
-wilhelms,1
extras™,1
-universität,1
‚humdrum,1
https://csarven.ca/linked,1
[28],1
-research,1
harm2kern,1
-decentralised,1
vern,1
-web,1
coalition,1
[25],1
roman.minor67default(),1
base™s,1
1133,1
esearch,1
chattah,1
sarath,1
myers,1
blindern,1
campbell,1
0318,1
a.r.jensenius@imv.uio.n,1
https://doi.org/10.1093/oxfordhb/9780190226992.013.17,1
‚anthology™,1
(eds,1
decentralised,1
mclean,1
thesis,1
rheinischen,1
dean,1
computation,1
tried,1
conclusions,1
thereby,1
bower,1
(new,1
sheet,1
encode,1
cores,1
vanhandel,1
rootham,1
bosworth,1
obvious,1
87œ95),1
https://doi.org/10.1145/3358664.3358671,1
machiner,1
58œ64),1
'19),1
remarkable,1
skip,1
agreeing,1
™18,1
https://doi.org/10.1145/3273024.3273026,1
ocedure,1
4c,1
4b,1
gullings,1
reputa,1
-issuing,1
https://doi.org/10.5281/zenodo.3527903,1
693œ699,1
cite,1
-analyzed,1
musicaux,1
4d,1
hould,1
visualizing,1
commons),1
ireland,1
https://doi.org/10.1145/3358664.3358676,1
70œ78),1
dramatically,1
oh,1
experie,1
norton,1
https://doi.org/10.5281/zenodo.1416113,1
utrecht,1
637œ642),1
11th,1
-aided,1
toolkit,1
company,1
(3rd,1
(tavern),1
musician™s,1
marvin,1
hire,1
assist,1
appreciate,1
clendinning,1
be,1
45,1
728,1
columbus,1
inverted,1
intensification,1
ys,1
42nd,1
plenary,1
reframing,1
https://doi.org/10.30535/mto.21.1.2,1
21(1),1
-in-time,1
œ734),1
grading,1
classroom,1
hacking,1
shaffer,1
gawboy,1
duker,1
https://doi.org/10.5281/zenodo.1417496,1
happen,1
1b,1
ﬁcoalition,1
embedded,1
psychophysiological,1
music?,1
lected,1
jockeyingﬂ,1
ﬁdata,1
wearable,1
panel,1
ﬁedutainmentﬂ,1
entre,1
enly,1
tries,1
pile,1
unwillingness,1
stars,1
recall,1
šthere,1
psychology,1
breathing,1
pulse),1
dissemina,1
obstacles,1
device,1
multichannel,1
(midi,1
papers;,1
thout,1
juggle,1
solved,1
(c),1
happens,1
ﬁfairifyﬂ,1
trying,1
šwe,1
-bed,1
talk,1
ﬁfieldﬂ,1
perform,1
lot,1
reply,1
(bodily),1
(schaffrath,1
-musical,1
possibility,1
1995),1
encountered,1
possib,1
šit,1
lyrici,1
ple,1
simplifies,1
exam,1
sts,1
ﬁfairifiedﬂ,1
knowledgeable,1
competitions,1
misspelled,1
(deahl,1
communicate,1
inclu,1
volunteer,1
starts,1
distance,1
filming,1
announced,1
people™s,1
advertisements,1
posters,1
(ld),1
walk,1
usable,1
(of),1
(re),1
-by,1
(cc,1
(ol),1
star,1
sc,1
compressed,1
(mp3,1
d.m,1
aac),1
people),1
feasible,1
ested,1
tolerated,1
thing,1
arly,1
particul,1
anonymize,1
cally,1
typi,1
-books,1
went,1
proposal,1
(gdif),1
ago,1
decade,1
(motion,1
(large,1
signa,1
l-based,1
investment,1
surfaced,1
regulations,1
realistically,1
efficient,1
enoughﬂ,1
unlikely,1
phone,1
sive,1
(mayor,1
usua,1
mas,1
happening,1
lly,1
security,1
exciting,1
audiences,1
stick,1
detect,1
c3d,1
hardware,1
faces,1
facial,1
available),1
-code,1
researching,1
ivacy,1
ended,1
-60fps),1
interviewer,1
(25,1
4k),1
(hd,1
h.264),1
avi),1
stream,1
-camera,1
-developed,1
multidimensional,1
sensor,1
aiff/wav/flac,1
oño,1
(mer,1
(raphael,1
audio/video,1
ogg,1
aac,1
h.264,1
uncompressed,1
aspired,1
-functioning,1
"""anonymized",1
centralizing,1
venue™s,1
blurring,1
realized,1
venues,1
besides,1
mirex,1
standardization,1
pushed,1
terminological,1
subcategories,1
today™s,1
covers,1
ﬁwrite,1
computersﬂ,1
contai,1
taxonomy),1
policies,1
(pontika,1
vital,1
sparked,1
devoted,1
(dora,1
(coalition,1
ﬁlet,1
political,1
detour,1
rule,1
till,1
obviously,1
sit,1
income,1
methods.ﬂ,1
redistribution,1
are,1
ute,1
nicely,1
fits,1
grasp,1
consequently,1
fa,1
speaking,1
overlapping),1
hat,1
myself,1
indirectly,1
gained,1
-disciplines,1
(sub),1
-nc/4.0/,1
in),1
equipped,1
afterward,1
centre,1
jensenius[1],1
write,1
(dmp),1
https://doi.org/10.18061/emr.v11i1.4958,1
craft,1
11(1),1
-classical,1
yale,1
quinn,1
84œ88),1
c.c.s,1
gkiok,1
1a,1
ﬂ),1
workﬂ,1
-layer,1
driven,1
https://doi.org/10.18061/emr.v16i1.7646,1
ers,1
octob,1
unreachable,1
ﬁrecipeﬂ,1
wils,1
wrote,1
(ﬁraw,1
kitchen,1
metaphor,1
cooking,1
processe,1
ling,1
cooked,1
preserved,1
sectors,1
intention,1
ﬁscienceﬂ,1
creasing,1
hallenge,1
mention,1
(grith,1
figshare,1
dryad,1
-basedﬂ,1
ﬁbucket,1
explains,1
(more,1
beerﬂ,1
peechﬂ,1
copies,1
redistributing,1
changing,1
air,1
opposite,1
negotiate,1
less),1
necessaryﬂ,1
ethnographic,1
maintains,1
(ismir),1
ﬁsynchronisedﬂ,1
actively,1
corporations,1
databa,1
-organized,1
administer,1
norm,1
subfields,1
šsome,1
šhere,1
agreements,1
(capadisli,1
(mitchell,1
-enabled,1
phrasing,1
applyi,1
ﬁlabﬂ),1
began,1
skewed,1
–ﬂ,1
humanities),1
ﬁ–,1
sentences,1
broadening,1
(fo,1
(hard),1
they,1
believes,1
extend,1
unfortunate,1
alienating,1
now),1
feels,1
sti,1
2004),1
ﬁscientistsﬂ,1
interpret,1
spend,1
gener,1
-principles,1
interoperate,1
s/he,1
finds,1
laws,1
(re)using,1
acceptance,1
šbut,1
directive,1
striving,1
llow,1
-cleared,1
researc,1
(lessig,1
šdetour,1
ﬁplan,1
-sheets,1
-personal,1
sustained,1
tial,1
poten,1
prove,1
rwise),1
othe,1
dillo,1
(anonymously,1
submitting,1
dumon,1
edmunds,1
eation,1
enrollment,1
rudimentary,1
importantly,1
instructor,1
finkers,1
freeing,1
pedago,1
gy.[24],1
bearing,1
(pdf),1
blomberg,1
avoiding,1
between),1
passage,1
simpler,1
boiten,1
constituent,1
mats,1
constrain,1
‚fixed™,1
-w,1
bourne,1
preferable,1
committees,1
ncoded,1
clark,1
proofread,1
enrolled,1
prospectively,1
e1001745,1
more,1
huff,1
amenable,1
waugh,1
scient,1
ific,1
12(1),1
https://doi.org/10.1371/journal.pbio.1001745,1
routine,1
bryan,1
cranston,1
kitzes,1
ference,1
dif,1
files.[22],1
automatable,1
haddock,1
guy,1
",[23]",1
doubly,1
aruliah,1
oreandmore.org/working,1
https://foursc,1
alpha,1
hong,1
nyone,1
guidance,1
davis,1
repurposed,1
building;,1
-reading,1
diverge,1
bass,1
and/,1
alert,1
gro,1
duplicated,1
'19,1
(11),1
alysis,1
œ409,1
vd,1
v42,1
(so,1
letters,1
-alphabet,1
https://doi.org/10.1007/s10994,1
latin,1
-006-8415-3,1
(v,1
inversions,1
warrants,1
schaffrath,1
(1995),1
symbols,1
syntactical,1
olksong,1
389,1
65(2œ3),1
figured,1
hael,1
œ8,1
https://doi.org/10.1145/2809563.28,1
tandem,1
09571,1
variants,1
music21™s,1
rap,1
aligning,1
graphical,1
)?,1
(‚#viio™,1
requir,1
hybrid,1
(raised),1
‚viio™,1
degrees,1
-update?,1
foregrou,1
http://essen.themefinder.org/,1
indicative,1
dominant),1
nant,1
œ33,1
-domi,1
(tonic,1
https://doi.org/10.1145/1516046.1516058,1
functions,1
-ground,1
52(6),1
middle,1
preferring,1
linear,1
finish,1
presupposes,1
doi.org/10.1109/5254.988466,1
arguably,1
.[25],1
-layered,1
confusion,1
-complete,1
sourceﬂ,1
metacognitive,1
students™,1
(2011,1
picture™,1
‚big,1
extracti,1
weave,1
‚levels™,1
style),1
-schenkerian,1
quasi,1
misses,1
stacked,1
vertically,1
communications,1
analyst™s,1
heoretical,1
"pieces,[21]",1
multipl,1
challenging.[2],1
wouldn™t,1
contrary,1
formality,1
certainly,1
strive,1
risk,1
wondering,1
waste,1
-be,1
been),1
-raise,1
(findable,1
reusable),1
possess,1
identif,1
fund,1
transparency,1
(su,1
disclosure,1
we,1
(without,1
inappropriate,1
ical,1
pract,1
adapt,1
recogniz,1
accessi,1
statement,1
study),1
‚manifesto™,1
minim,1
bility,1
productively,1
attitudes,1
concert)?,1
formally,1
charity,1
-meaning,1
cast,1
happily,1
extolled,1
implicitly,1
importan,1
translatable,1
me,1
tadata,1
miserably,1
operating,1
serious,1
agreed,1
organizers,1
readme,1
explicate,1
uld,1
sho,1
abundantly,1
arise,1
barrier,1
exploitative,1
searched,1
ier,1
fending,1
(doi),1
opting,1
one™s,1
encoders,1
optimally,1
virtuous,1
buy,1
language),1
commons™,1
knowing,1
usable;,1
rmats,1
excluding,1
thorniest,1
vibrating,1
relies,1
intervention),1
mor,1
‚harmony,1
"anthology,[20]",1
scale.[19],1
progression,1
certa,1
e1005510,1
oriented,1
süden™,1
(https://viva.pressbooks.pub/openmusictheory/chapter/anthology,1
‚nach,1
https://doi.org/10.1371/journal.pcbi.1005510,1
no.1,1
op.10,1
mendelssohn)™s,1
(née,1
hensel,1
anthology™,1
-harmony/,1
ich,1
teal,1
nederbragt,1
eventually,1
exemplary,1
stronger,1
borderline,1
partnering,1
does),1
resolutions,1
13(6),1
‚normal™,1
ualize,1
ractices,1
bears,1
chords),1
fare,1
(standard,1
fanny,1
wh,1
accordingly,1
with,1
16i1.8246,1
‚romantext™,1
lightweight,1
ose,1
.th,1
"85,000",1
400,1
enhance,1
(aligned,1
omputational,1
pective,1
pros,1
ramifications,1
creators,1
crucially,1
suc,1
",2019)",1
anexample).[18],1
workbook,1
equivalents,1
moss[1],1
$100,1
pay,1
tiny,1
vigorous,1
attested,1
prohibitive,1
versatility,1
linz,1
meagre,1
textbooks,1
markus,1
bruckner,1
edatasets,1
harness,1
edagogical,1
presentation,1
text™,1
chordify.net,1
git™s,1
ringing,1
headed,1
planned,1
materialise,1
replacement,1
ng-anticipated,1
lo,1
industries,1
prioritization,1
reinforcing,1
losses™,1
‚friction,1
e.org/working,1
murphy,1
http://fourscoreandmor,1
61st,1
games,1
rra,1
wang,1
shaashua,1
musescor,1
fails,1
burthe,1
‚downstream™,1
record™,1
plans,1
‚version,1
e.com,1
-updating,1
musescore,1
maintain,1
facto,1
official,1
(batch),1
robust,1
all),1
muses,1
umpire™),1
(inevitably,1
https://www.fosteropenscience.eu/,1
œ155),1
https://doi.org/10.1162/dint_r_00024,1
steyn,1
designs,1
‚slices™,1
architectures,1
ycac,1
135,1
quinn™s,1
‚tavern™),1
hershey,1
(2017);,1
pa,1
igi,1
https://doi.org/10.4018/978,1
-1-4666-2497,1
citable,1
œ29,1
courtot,1
groth,1
asets/,1
moreau,1
‚anthology.py™,1
-in-rome,1
-overview,1
-overview/,1
https://github.com/markgotham/when,1
https://ismir.net/resources/dat,1
miranda,1
http://musescore.com/openscore,1
azevedo,1
leased,1
juty,1
batista,1
coles,1
cornet,1
-corpus/,1
guerber,1
etrieval,1
™15,1
oramas,1
method),1
roman.ismixture(),1
logic,1
characterizing,1
please,1
.py,1
-in-rome/code/anthology,1
landscape,1
hum,1
anities,1
-age,1
upload,1
deahl,1
plaguing,1
industry,1
https://www.theverge.com/2019/5/29/18531476/music,1
bulk,1
tavern,1
ings,1
tavern™s,1
daga,1
accelerating,1
(micchi,1
tismir,1
ur,1
https://www.coalition,1
http://roman.algomus.fr/,1
-s.org/plan_s_principles,1
d™aquin,1
exhibit,1
1976),1
mcilro,1
holland,1
laney,1
(hunt,1
penuela,1
mulholland,1
techni,1
fourscoreandmore.org,1
duplicate,1
fonseca,1
[musical,1
https://ec.europa.eu/research/participants/data/ref/h2020/grants_manual/hi/oa_pilot/h2020,1
‚workers,1
-hi-oa-data,1
-mgt_en.pdf,1
-pollination,1
beneficial,1
puig,1
experience],1
favory,1
corbera,1
transcription.™,1
(omr),1
‚collaborative,1
note),1
ferraro,1
-general,1
load™,1
-industry,1
-stage,1
intend,1
-song,1
-royalties,1
scores),1
-metadata,1
-credit,1
-problems,1
dora,1
directorate,1
san,1
francisco,1
(dora),1
44,1
https://sfdora.org/read/,1
šguidelines,1
(v3.0),1
community),1
-9.ch007,1
(though,1
frank,1
i64,1
corson,1
be™,1
-rikert,1
‚should,1
arguments,1
‚cad64™,1
6/4,1
configuration,1
status,1
emphasis,1
vivo,1
‚bii6™,1
replaces,1
‚n6™,1
6ths,1
neapolitan,1
v64,1
distinguishing,1
passing,1
proceeding,1
entering,1
universally,1
deduced,1
unambiguously,1
7™,1
‚cto,1
-to-one,1
shares,1
usages,1
-functional,1
numerals),1
(implied,1
ascribing,1
markes,1
rejack,1
afforded,1
chord),1
xth,1
‚french™,1
(2020)™s,1
clarify,1
cancellieri,1
edges,1
creep,1
attributable,1
‚ambiguity™,1
headaches,1
pearce,1
falls,1
elearning,1
rther,1
15th,1
fu,1
-know,1
2019)[27],1
(tymoczko,1
line,1
of,1
root™,1
shorthand,1
‚real,1
confusing,1
networking,1
chromatic,1
canonical,1
websci,1
'11,1
symbol,1
knoth,1
compressing,1
#ivo65[b3],1
ectly,1
dir,1
‚ger65™,1
3rd,1
pontika,1
attempting,1
deduce,1
chordal,1
perspectiv,1
answers,1
law,1
65(1),1
purport,1
collaborating,1
outreach,1
œ13,1
parting,1
move,1
https://scholarship.law.umt.edu/mlr/vol65/iss1/1,1
specialised,1
aspire,1
here),1
-communal,1
reintegrating,1
prevents,1
raised,1
focussed,1
meroño,1
placed,1
commendably,1
interfaces,1
176,1
comment,1
insightful,1
œ179,1
friends,1
ircam,1
desirable,1
widest,1
lessig,1
pace,1
accelerate,1
montana,1
duplication,1
avoids,1
mayor,1
hoekstra,1
lowe,1
(i-cto7,1
enharmonically,1
#iio7,1
cto7™s,1
tone,1
prolonged,1
root,1
-i),1
prolong,1
balk,1
sees,1
cto7,1
archetypical,1
chen,1
deducing,1
ahmed,1
designations,1
pitches),1
-3-319-68204-4_16,1
concessions,1
progressions.[28],1
preferences,1
hus,1
aside,1
trivial,1
functional,1
limits,1
bloem,1
valk,1
armonic,1
stringer,1
janssen,1
boer,1
schlobach,1
cloud,1
156œ164,1
context),1
-content/upl,1
sangam,1
-generic,1
listen,1
253,1
kj,1
0.3%,1
9.2,1
ms),1
-2.5%,1
(0.3,1
-28,1
sds,1
indication,1
gives,1
taps,1
width,1
regard,1
perceptions,1
listeners',1
verifiable,1
28.1,1
2.5%,1
rp,1
451,1
0.8%,1
18.8,1
85,1
lj/mr,1
211,1
1.5%,1
12.5,1
rj,1
123,1
bousaadeya,1
0.6%,1
27.9,1
166,1
prb_jhinjhoti_rupak,1
1.4%,1
20.5,1
objectively,1
accomplished,1
ratio,1
measure),1
taiwan,1
ﬁinnocenceﬂ,1
returning,1
-1034/,1
https://www.aclweb.org/anthology/l08,1
œ820),1
816,1
œ30,1
morocco,1
marrakech,1
dcr,1
iso,1
https://pdfs.semanticscholar.org/aff2/7e37a220d62727333b1455e54de1fb856cd7.pdf,1
-29,1
https://doi.org/10.1016/j.cub.2020.06.072,1
songbirds,1
categorical,1
aboriginal,1
folklore,1
121(480),1
https://doi.org/10.2307/767806,1
cyc,1
instructed,1
briefed,1
orted,1
rep,1
relied,1
80,1
36œ56,1
222,1
yearbook,1
ethnomusicologist,1
the/an,1
(1996),1
i.org/10.1353/jaf.0.0005,1
https://do,1
œ235,1
absolute,1
‚onset,1
82,1
window),1
ﬁleadﬂ,1
rum,1
2/chico),1
repetitive,1
(dundun/piano),1
mismatch,1
other?,1
data?,1
(ii),1
positions),1
(do,1
(i,1
-sections,1
next,1
subdivisions),1
tracks),1
auditioning,1
1/repique),1
39/995,1
1/961,1
84/1040,1
(11.0%),1
(8.1%),1
3/527,1
92/1280,1
91/828,1
0/697,1
0/960,1
(4.6%),1
4/701,1
(1.3%),1
(4.9%),1
(0.1%),1
(3.9%),1
25/549,1
17/1295,1
38/775,1
importin,1
faster,1
(onsets_raw,1
accelerates,1
guitar,1
slide,1
positives),1
unmanageable,1
quietest,1
capturing,1
quiet,1
(where,1
-17%),1
6.5%,1
-23%),1
4%,1
minute,1
approximately,1
(16,1
extracts,1
)™),1
(melodic,1
timbres),1
(<2%),1
fore,1
(mj_maraka1,1
-45ms,1
(uc_211),1
-60ms,1
calculating,1
detail),1
cubase,1
wavelab,1
rcussive,1
(sony),1
pro,1
soundforge,1
resources/onset,1
nset,1
(up,1
81,1
poeppel,1
tchernichovski,1
t.c,1
145,1
alterity,1
trance,1
https://doi.org/10.3389/fdigh.2017.00009,1
coarse,1
extracting,1
https://iie.fing.edu.uy/publicaciones/2019/fmrbceb19/,1
nov,1
-8,1
retrieva,1
random,1
conditional,1
-latin,1
afro,1
essid,1
crayencour,1
maia,1
https://doi.org/10.1215/08992363-12-1-145,1
tunisia,1
https://doi.org/10.7208/chicago/9780226392202.001.0001,1
elasticity,1
negotiating,1
8_paper_6.pdf,1
http://fma2018.mus.auth.gr/files/papers/fma201,1
œ30),1
thessaloniki,1
(fma),1
ro-uruguayan,1
af,1
llamada,1
metric,1
subir,1
https://doi.org/10.17605/osf.io/swby6,1
_vol_3_1.pdf,1
http://www.aawmjournal.com/articles/2014a/jankowsky_aawm,1
œ61,1
34,1
transformation,1
œ171,1
lullaby,1
adjuntos/produccion/1658_academicas__academicaarchivo.pdf,1
sweet,1
royal,1
coordinate,1
periodic,1
https://doi.org/10.17605/osf.io/nvr73,1
g/10.4324/9781315544700-12,1
https://doi.or,1
9781138683112,1
isbn,1
brackett,1
smith,1
scotto,1
grooves,1
soul,1
neo,1
pulse,1
https://doi.org/10.17605/osf.io/usfx3,1
o.dur.ac.uk/8713/,1
5(2),1
171520,1
https://doi.org/10.1098/rsos.171520,1
2003,1
(2000),1
x_50,1
https://doi.org/10.1007/3-540-45103,1
delberg,1
hei,1
berlin,1
2749,1
scia,1
78,1
gustavsson,1
bigun,1
expansion,1
polynomial,1
-frame,1
(2003),1
farnebäck,1
http://fma2018.mus.auth.gr/files/papers/fma2018_paper_6.pdf,1
lartillot,1
toiviainen,1
261,1
cancela,1
https://doi.org/10.17605/osf.io/sfxa2,1
https://oro.open.ac.uk/61186/1/680519.pdf,1
thesis],1
doctoral,1
[unpublished,1
ance,1
https://doi.org/10.17605/osf.io/m652x,1
ps://doi.org/10.3389/fnins.2016.00285,1
285,1
neuroscience,1
stable,1
isochronous,1
ondon,1
https://doi.org/10.30535/mto.20.1.1,1
20(1),1
mande,1
recurrent,1
pat,1
terns,1
congreso,1
http://dedicaciontotal.udelar.edu.uy/,1
aires,1
buenos,1
(cictem),1
tecnología,1
ciencia,1
internacional,1
ase,1
67(4),1
datab,1
-visual,1
lanzaro,1
marenco,1
https://doi.org/10.17743/jaes.2019.0003,1
œ173,1
160,1
https://doi.org/10.18061/emr.v12i3-4.4951,1
œ26,1
205,1
œ80,1
‚back,1
bader,1
hadley,1
https://doi.org/10.7488/ds/251,1
uos,1
016-1093-7,1
https://doi.org/10.3758/s13423,1
474,1
nonverbal,1
24(2),1
bulletin,1
psychonomic,1
-78246-9_31,1
540,1
https://doi.org/10.1007/978-3,1
œ268,1
-channeling™,1
feedba,1
12(3-4),1
https://doi.org/10.1525/mp.2017.34.4.438,1
africa,1
west,1
dance,1
eter,1
79,1
https://doi.org/10.30535/mto.16.4.4,1
16(4),1
œ51,1
ck,1
438,1
34(4),1
chinger,1
fis,1
https://doi.org/10.7488/ds/2153,1
https://doi.org/10.1371/journal.pone.0130070,1
10(6),1
(0.2%),1
rolls,1
afghanistan,1
130,1
dc:identifier,1
dc:format,1
video=wdt:p10,1
dc:type,1
-mm-dd,1
yyyy,1
dc:date,1
dc:contributor,1
dc:publisher,1
dc:description,1
dc:subject,1
dc:creator,1
creator,1
dc:title,1
ht,1
mation,1
infor,1
dc:source,1
dc:language,1
dc:relation,1
wd:q177634,1
serra[1],1
repetto[4],1
gulati[3],1
"srinivasamurthy[1,2]",1
wd:q188451,1
wd:q17152639,1
wdt:p276,1
wdt:p740,1
dc:coverage,1
wdt:p495,1
wd:q34379,1
wd:q2088357,1
wd:q2199864,1
wd:q71821715,1
wd:q2041172,1
dc:rights,1
œ101,1
45th,1
facilitat,1
abstracts,1
œ312,1
ieee/acm,1
œ23,1
state-of-the,1
284,1
libr,1
digit,1
https://aussda.at,1
dauer,1
ituation,1
description/notes,1
ured,1
https://www.dspace.com/,1
chers,1
-specifi,1
ide,1
-fair,1
ns-15,1
https://qmro.q,1
informatics,1
47,1
2007,1
1œ,1
lumpur,1
kuala,1
wlic,1
ifla,1
schemata,1
3œ,1
bibliothek,1
-one,1
thirty,1
introduction,1
fundamentals,1
--0023,1
praxis,1
forschung,1
describ,1
sustain,1
flams,1
(iam),1
store/access,1
(cc),1
hese,1
spans,1
renowned,1
compilations,1
consisting,1
hindustani),1
(carnatic,1
ta-driven,1
restricts,1
albums),1
ccessible,1
copyrighted,1
aracteristics,1
evolved,1
ltures,1
indexing,1
reusing,1
87,1
comprehensiveness,1
pakistan,1
c),1
lanka),1
sri,1
(south,1
adopted,1
research/music,1
listeners,1
annotati,1
valid,1
statistically,1
inference,1
-cura,1
novel,1
opposed,1
monophonic,1
cu,1
rdings,1
december,1
reco,1
phenomenon,1
goodness,1
evaluating,1
-to-end,1
dee,1
limiting,1
86,1
inaccessibility,1
servers,1
machines,1
primari,1
panied,1
accom,1
improvement),1
(hence,1
indispensable,1
https://doi.org/10.18061/emr.v16i1.7641,1
implying,1
formulated,1
guidelines,1
researched,1
describes,1
primar,1
impetus,1
direction,1
unknown,1
hitherto,1
discipline,1
expan,1
ac,1
emphasizing,1
volume,1
-actionability,1
emphasize,1
assets.[5],1
(fair),1
cessibility,1
reposito,1
-upon,1
ether,1
al.'s,1
file/import/csv,1
shown,1
-available,1
previewed,1
83,1
supplementary,1
analysis;,1
observer,1
.001),1
13.8,1
averag,1
resulted,1
time-adjusted,1
interrater,1
warping,1
raters,1
observers,1
tab,1
-delimited,1
nir_prb_jhinjhoti_2gats_annotation_sample.csv;,1
mapped,1
cycle),1
-clicking,1
(by,1
prb_sample_merged.eaf,1
saving,1
transcriptions–,1
e/merge,1
prb_sample_metre.eaf;,1
sult,1
time™,1
‚end,1
nir_prb_jhinjhoti_2gats_metre_rupak_sample.csv,1
<deselect>,1
tier,1
imported,1
prb_sample_tiers.eaf,1
(moran,1
0.98,1
ther,1
ranged,1
(dundun,1
visually,1
calculate,1
indicate,1
confidence,1
>89%,1
emerge,1
identical,1
assigning,1
confident,1
felt,1
removing,1
conservative,1
repertory),1
rt,1
-expe,1
-rhythmic,1
dent,1
0.57,1
1.24,1
5.15],1
correlations,1
3.93],1
[3.46,1
3.88],1
[3.38,1
3.10],1
[2.37,1
[4.56,1
2.67,1
1.30],1
[1.18,1
0.71],1
[0.43,1
ci,1
95%,1
3.63,1
edit/linked,1
/media,1
folder;,1
nir_prb_jhinjhoti_2gats_tabla_sample.wav,1
ost,1
institution,1
r2,1
bac,1
futu,1
interact,1
ethnomusicologists,1
gather,1
3.methodology,1
(semi,1
opendoar.org,1
re3data.org,1
23;,1
™s,1
malaysia,1
idris,1
sultan,1
restrict,1
-owners,1
insti,1
xts,1
owner,1
reduced,1
dataverse,1
-network,1
ution,1
scussions,1
-created,1
(audio),1
rdm,1
extensions,1
em,1
importing,1
dsps,1
dmps,1
drm,1
bun,1
pendidikan,1
universiti,1
thailand,1
readability),1
mj_maraka_1_d1.wav,1
j2,1
j1,1
except,1
delete,1
name;,1
mj_maraka_1_onsets,1
18pt,1
‚time™,1
timeline,1
track(s),1
right),1
top,1
(shown,1
waveform,1
dropdown,1
‚label™,1
<i,1
mahidol,1
zation,1
rauber,1
chan,1
yimwadsana,1
ahmedaja,1
bakos,1
knees,1
miksa,1
visuali,1
gnore>,1
readability.),1
pt,1
omissions,1
(nb,1
displayed,1
waveforms,1
mouse,1
http://dr,1
œ82,1
counterpoint,1
(misc.),1
assembly,1
specially,1
strings,1
bowed,1
(css);,1
shakers,1
nir),1
lute,1
(accompanying,1
excluded,1
steep,1
(envelope,1
attacks,1
(onsets_raw),1
71,1
(quartets,1
peaks,1
details),1
substitute,1
usi,1
determine,1
quantize,1
unlike,1
advantage,1
lag,1
reli,1
reliance,1
rationale,1
meters,1
corpus.),1
para,1
-picking,1
rectification,1
-wave,1
filtering,1
subjected,1
(lartillot,1
strument,1
gesture;,1
interpolation,1
breaks),1
76-127,1
-46,1
(haydn,1
feet,1
(son/montuno),1
clave,1
(other),1
onsets_raw,1
23.98,1
kb/s,1
43959,1
1920x1080,1
44.1khz,1
(recorded,1
voices;,1
(16:9),1
(4:3),1
132,1
-169),1
(polak/jacoby),1
-matra,1
(timings,1
-end,1
(metre),1
torso,1
downbeats;,1
calculations;,1
sections];,1
(beat),1
(sections,1
matra,1
[=,1
(meter),1
tabla),1
(solo,1
gat,1
patterns),1
larger),1
temporal,1
(esem,1
unwanted,1
controversial,1
occurs,1
dropped,1
(cymbal),1
beats;,1
72,1
sectionsﬂ,1
ﬁmetrical,1
points),1
alap,1
introductory,1
exception,1
minimize,1
intervention,1
css),1
bongo,1
conga,1
positio,1
inaccurate,1
adversely,1
sec,1
rns,1
patte,1
2010;,1
(polak,1
proportions,1
ternary,1
-beats,1
(matra),1
(se,1
slowest,1
nto,1
divided,1
-tapped,1
spreadsheets,1
allocate,1
(onsets_selected),1
range),1
exclude,1
perfectly,1
tuned,1
(procedures,1
5%,1
-identified,1
ens,1
whole,1
sitar,1
milliseconds),1
uncontroversial,1
(identifying,1
margin,1
timbre,1
estimates,1
-center),1
iempdc),1
physical,1
(perceptual,1
matches,1
(osf;,1
https://osf.io/37fws/)),1
ameters,1
tolerance,1
gnificant,1
track),1
instrument™s,1
contact),1
(not,1
conventional,1
0.95;,1
-measure,1
inspection,1
gorithm,1
-minute,1
spectrally,1
ay,1
(takes),1
sensitivity,1
spectrograms,1
2-3,1
ins,1
414,1
coo,1
67,1
bilities,1
possi,1
melody),1
eved,1
achi,1
ime,1
references;,1
them;,1
documenting,1
synchronization;,1
mind,1
extensi,1
registered,1
compiled,1
sensitivities,1
usin,1
shots,1
(conceptualized,1
annotated),1
foll,1
leante;,1
(nir,1
polak;,1
clayton;,1
(esq,1
poole;,1
owing,1
thirdly,1
spanning,1
birdsong,1
investigations,1
timbre),1
substituting,1
prepare,1
responsible,1
curator(s),1
rdination,1
footage,1
vocal;,1
intrusiveness,1
appendices,1
represents,1
unprecedented,1
kelly,1
nori,1
tuomas,1
antonio,1
paolo,1
martín,1
adrian,1
laura,1
luis,1
america,1
states,1
tufts,1
simone,1
albor,1
distinctions,1
september,1
https://doi.org/10.18061/emr.v16i1.7555,1
sequences,1
facilities,1
-ups,1
relying,1
rathe,1
recorders,1
decided,1
teams,1
simplified,1
66,1
omit,1
laboratory,1
situations,1
musicians',1
2005,1
layton,1
(iemp),1
jankowsky;,1
(uc,1
rocamora;,1
expansions,1
720x576,1
dvd,1
pal,1
disk,1
ptz,1
asere,1
roject,1
sub-p,1
iles),1
edia,1
roduce,1
balanced,1
(1280x720),1
720p,1
scaled,1
resolutio,1
kept,1
fps),1
haydn™s,1
beethoven™s,1
-r4,1
each);,1
split,1
gats,1
scan,1
720x560,1
-dv,1
mini,1
edirol,1
op.59,1
membrane;,1
-rims,1
clipped,1
-417),1
(akg,1
clip,1
no.2,1
60%,1
streamclipﬂ,1
ﬁmpeg,1
documentation.),1
(left),1
deo,1
vi,1
schematic,1
68,1
deposit,1
derivative,1
(formal,1
beige,1
appropriately,1
prepar,1
covere,1
conform,1
analy,1
keller;,1
ﬁimprovising,1
(right),1
-highlighted,1
squared,1
renaming,1
codec;,1
scoded,1
in,1
bitrate,1
saved,1
duration),1
-out,1
stage.),1
originated,1
covered,1
(assurance,1
occlus,1
lighting,1
sections),1
(pieces,1
followin,1
metrically,1
ambiguous,1
(jankowsky,1
intuitive,1
frameworks,1
offe,1
complements,1
regarded,1
installing,1
pages,1
embedding,1
upyter.org/,1
https://j,1
jupyter,1
streamlining,1
ting,1
wri,1
(https://github.com/osfclient/osfclient),1
(https://github.com/ropensci/osfr),1
packages,1
readability,1
standards),1
iscussion,1
hopefully,1
mj;,1
p.a,1
organization;,1
(contributed,1
enrichers,1
m.r,1
css;,1
a.p,1
r.p,1
respects,1
l.l,1
l.j,1
r.j,1
s.t,1
drafting,1
m.c,1
autho,1
previewing,1
nclude,1
integral,1
(osf),1
worth,1
necessaryﬂ),1
authorisation,1
(ﬁthe,1
criterion,1
explaining,1
fair™s,1
covering,1
reconciled,1
(ethno)musicological,1
barriers,1
rig,1
insist,1
willing,1
-profile,1
record),1
protecting,1
quoting,1
misunderstood,1
‚a™,1
-required/,1
justified,1
surely,1
burden,1
tter,1
gatekeepers,1
suggestion,1
favor,1
-authorisation,1
oes,1
-authentication,1
-allows,1
-2-protocol,1
-principles/a1,1
heavily,1
exact,1
‚free™,1
a.c,1
t.e,1
optimization,1
n.j,1
collection],1
[data,1
uo,1
pen,1
isochronous;,1
noticed,1
minutes),1
drift,1
20ms),1
lasts,1
25fps,1
corded,1
genlock),1
generator,1
timecode,1
ensured,1
setups,1
colchester,1
essex,1
https://doi.org/10.5255/ukda,1
œ194,1
meetings,1
significance,1
(2005),1
sager,1
https://doi.org/10.17605/osf.io/ks325,1
18),1
https://doi.org/10.1525/mp.2020.38.2.136,1
136,1
sn-852847,1
rsonal,1
interpe,1
https://doi.org/10.1177/1029864919844809,1
œ331,1
304,1
23(3),1
struct,1
martin.clayton@durham.ac.uk,1
3rl,1
dh1,1
(dfg),1
trust,1
academy/leverhulme,1
-an6186;,1
mrg,1
ahrc,1
holder,1
po627/3,1
forschungsgemeinschaft,1
-16,1
deutsche,1
bbc,1
by,1
ah/n00308x/1),1
(grant,1
k.j,1
script;,1
srg,1
round;,1
green,1
agencia,1
palace,1
77,1
jessica,1
recordists,1
(anii),1
innovación,1
nacional,1
(csic),1
chad™s,1
científica,1
sectorial,1
comisión,1
(france),1
productions,1
chemins,1
(ts),1
respectin,1
forget,1
ﬁvirtual,1
discard,1
>99%,1
curators',1
above),1
lgorithm,1
mj),1
omitted,1
adjustments,1
tors',1
cura,1
(onsets_selected,1
nstituted,1
flam,1
ornamental,1
composing,1
-12%),1
(+/,1
symmetrical,1
successfully,1
-70ms,1
(65,1
5.6.2.0,1
brightness,1
velocities,1
accompanists),1
harmonium,1
soloists,1
(main,1
(http://www.infomus.org/eyesweb_eng.php),1
xmi,1
-80,1
recalculated,1
seconds),1
(extracted,1
purely,1
outputs_selected,1
ce),1
pie,1
drums),1
erroneously,1
stipulates,1
asymmetry,1
wrongly,1
onset),1
-perceived,1
onsets;,1
estimating,1
fluctuate,1
ﬁonﬂ,1
predicted,1
150,1
wrong,1
-160,1
-30,1
minimized,1
(>95%),1
change),1
indows,1
beatsﬂ,1
-assigned,1
correctly,1
variati,1
beginnings,1
discarded,1
centage,1
17%,1
windo,1
instrument),1
lated,1
articu,1
dently,1
halfway,1
positions;,1
reassigned,1
anually,1
relationship,1
errors;,1
windowin,1
fluctuated,1
(farnebäck,1
2003),1
cartesian,1
calcula,1
is-open,1
https://opendatahandbook.org/guide/en/what,1
sharealikeﬂ,1
most,1
redistribute,1
handbook,1
retrospect,1
grounds,1
eclined,1
succeed,1
rigor,1
readership,1
specializing,1
dataﬂ,1
prompts,1
hoped,1
publicizing,1
-data/,1
jan,1
licence,1
offensive,1
unrestricted,1
duty,1
prevent,1
physically,1
1996),1
2000;,1
appropriation,1
objectionable,1
permit,1
(b,1
financial,1
producer,1
recompensed,1
xpert,1
(https://www.europeandataportal.eu/elearning/en/module1/#/id/co-01,1
commercially.ﬂ,1
appropriateness,1
soundcloud),1
resharing,1
(all,1
distinguished,1
montuno,1
(used,1
arbitrarily,1
performers™,1
assign,1
(excel),1
74,1
ﬁperiods,1
(windows;,1
-shared,1
coordinates),1
feet),1
torsos,1
rois,1
region,1
visibl,1
arising,1
exploitation,1
norms,1
ial,1
commerc,1
misuse,1
restricting,1
-nc-nd/4.0/),1
-by-nc-nd,1
https://osf.io/j8adp/,1
worked,1
indicated,1
approvals,1
ethics,1
hnical,1
tec,1
https://archive.mpi.nl/tla/elan,1
annotatorﬂ,1
eyes,1
nepal,1
bangladesh,1
bridging,1
sphere,1
collating,1
šby,1
omissions),1
insertions,1
deviations,1
generates,1
-to-score,1
-time,1
catering,1
i1),1
organi,1
compliant,1
scientists™,1
‚citizen,1
motivating,1
pport,1
su,1
(pending,1
abilities,1
harnessed,1
engaged,1
assess,1
monitored,1
trained,1
stipulated,1
(resnik,1
care,1
treated,1
2009),1
(haklay,1
(bonney,1
incentivize,1
acquire,1
arge,1
done),1
(related,1
asked,1
perpetuation,1
experiential,1
individual™s,1
što,1
reflects,1
engraver,1
verovio[13],1
finely,1
(crawford,1
(xml),1
extensible,1
-interpretable,1
encodin,1
auditory,1
-theoretical,1
circumvents,1
enco,1
approximations,1
imposition,1
meaningless,1
-written,1
scalab,1
vector,1
graphic,1
communica,1
ars,1
šschol,1
consumers,1
(berners,1
consume,1
inception,1
formulation,1
undifferentiated),1
(svg,1
(otherwise,1
ough,1
thr,1
varying,1
distinc,1
mei™s,1
(pugin,1
competence,1
birth,1
ueries,1
enri,1
multip,1
ﬁglueﬂ,1
relations,1
system™s[16],1
organisation,1
vocabulary[15],1
dublin,1
ps,1
relationshi,1
formalized,1
ma.org[14],1
sche,1
(f2,1
-external),1
(trompa,1
native,1
situ,1
variably,1
internationalization,1
vocabulary[17],1
dereferenced,1
apis,1
(ce),1
graphql,1
dotted,1
e;,1
referenc,1
dashed,1
-ld),1
ontology[18],1
assigns,1
(figure,1
adopt,1
opted,1
mutably,1
ources,1
res,1
ched,1
copying,1
spoken,1
supplant,1
trends,1
revealing,1
ounts,1
aggregates,1
deviations);,1
-timings,1
micro,1
satisfactory,1
musicologist,1
scores);,1
retrieving,1
saves,1
achievable,1
measurement,1
complying,1
rations,1
conside,1
eluded,1
idealized,1
expectations,1
ompa,1
counterproductive,1
ingestion,1
6.1,1
-control,1
odal,1
multim,1
accommodating,1
pursued,1
approximating,1
(r1.2,1
relevance,1
signal),1
(ultimately,1
-derived,1
-associated,1
complement,1
semantics,1
tricky,1
literate,1
encyclopedia™,1
uris),1
addressable,1
generalize,1
(particularly,1
urces,1
-mentioned,1
(bbc)[8],1
corporation,1
broadcasting,1
ositioned,1
reciprocal,1
exposure,1
days,1
venerable,1
musicbrainz™,1
readable),1
(machin,1
principles[9],1
huge,1
šcomposers,1
‚puzzle,1
cues,1
nment,1
alig,1
(person,1
for),1
(f2),1
pieces™,1
musicbrainz),1
rformance,1
listings,1
shallow,1
fairly,1
šfrom,1
persons,1
correspondin,1
capacities,1
housing,1
‚online,1
enculturated,1
-maintained,1
lections,1
complicating,1
endeavors,1
enthusiast,1
broadcasters,1
remark,1
concluding,1
presenting,1
provenanceﬂ,1
ﬁ(meta)data,1
italics,1
bolded,1
promotes,1
listed,1
upholding,1
scalable,1
agents;,1
notable,1
(imslp)[3],1
"510,000",1
conformance,1
noteworthy,1
authorities,1
criptors,1
api[7],1
cooperative[6],1
global,1
(oclc),1
lps,1
"17,500",1
"300,000",1
cds,1
"600,000",1
instructive,1
muziekweb[5],1
api[4],1
"60,000",1
suffer,1
ambiguities,1
cra,1
wford,1
(citable,1
ather,1
dispute,1
uncertainty,1
provenanced,1
confirm,1
drawing,1
combinations,1
igning,1
re-interpretation,1
sparql[12],1
queryable,1
nexus,1
featur,1
contemporaries,1
featured,1
-resolution,1
contestable),1
assertion,1
nature;,1
musicianship,1
suitably,1
perform),1
(winget,1
choices,1
about,1
acting,1
notated,1
effects),1
expressions,1
tation,1
investigation,1
conversely,1
-modal,1
oss,1
senses,1
interpretation),1
(r1.3,1
-relevant,1
broadcast,1
inf,1
applicable,1
a1;,1
contained,1
coherently,1
uctured,1
str,1
ormation,1
pertinent,1
variegated,1
unaware,1
isolation,1
more!),1
differs,1
muziekweb),1
home,1
creations,1
interconnectivity,1
hypertext,1
process[11],1
interc,1
‚fairification™,1
framework[10],1
dereferenceable,1
nor,1
neither,1
šthe,1
onnection,1
linkages,1
transfer,1
resolvable,1
elegant,1
resents,1
širis),1
internationalized,1
(uris;,1
(http),1
supported;,1
endpoints,1
confluence,1
oject,1
object),1
predicate,1
(subject,1
arbitrary,1
breaks,1
http://www.bbc.co.uk/music/brainz/,1
bbc™s,1
archived,1
https://www.muziekweb.nl/muziekweb/webservice/webserviceapi.php,1
https://www.oclc.org/bibformats/en.html,1
oclc,1
member,1
https://www.muziekweb.eu;,1
lable,1
avai,1
https://imslp.org/wiki/imslp:api,1
https://imslp.org,1
sup,1
porting,1
chaining,1
beautifully,1
-core/dcmi,1
https://dublincore.org/specifications/dublin,1
dcmi,1
https://schema.org/,1
structur,1
schema.org,1
https://www.verovio.org,1
javascript,1
placing,1
-query/,1
https://www.w3.org/tr/sparql11,1
data;,1
-process/,1
-principles/fairification,1
http://www.w3.org/tr/rdf11,1
triple;,1
https://trompamusic.eu,1
weigl@mdw.ac.at,1
skos,1
1030,1
sophistication,1
interpretational,1
terconnected,1
29,1
fairer,1
maintainers),1
champions,1
own;,1
geared,1
-compliant,1
area,1
pioneer,1
timely,1
pose,1
ive,1
competing,1
complian,1
customizable,1
personalizable,1
contestable,1
kay,1
1/ii,1
-platz,1
-webern,1
-von,1
klangstil,1
wiener,1
dept,1
gratefully,1
explic,1
770376,1
museums,1
memory,1
-eu.3.6.3.1,1
union™,1
infrastructures,1
itly,1
-terms/,1
https://www.w3.org/2009/08/skos,1
prone,1
cooper,1
bishop,1
arzt,1
grachten,1
durand,1
nev,1
bo,1
cancino,1
https://doi.org/10.1525/bio.2009.59.11.9,1
œ984,1
977,1
59(11),1
bioscience,1
literacy,1
shir,1
rosenberg,1
phillips,1
kelling,1
widmer,1
accompanion,1
v0.1,1
609,1
https://doi.org/10.1525/jams.2016.69.1.273,1
œ285,1
273,1
-8_58,1
-38791,1
-3-319,1
œ612),1
lugano,1
breaking,1
pautasso,1
-maroux,1
cudre,1
mprove,1
https://ui.adsabs.harvard.edu/link_gateway/2017arxiv171102427c/arxiv:1711.02427,1
1œ2),1
demos,1
dickinson,1
bonney,1
-reference/skos.html#skos,1
https://archives.ismir.net/ismir2011/paper/000022.pdf,1
-anchoring,1
centenary,1
200,1
schumann,1
honor,1
https://github.com/trompamusic/clara,1
-ld/,1
https://www.w3.org/tr/json,1
efer,1
specialization,1
compatible,1
developers,1
serialization,1
-ld,1
overview/,1
-vocab/,1
://www.w3.org/tr/annotation,1
https://github.com/trompamusic/trompa,1
-align,1
https://github.com/trompamusic,1
http://archives.ismir.net/ismir2016/paper/,1
fl,1
leider,1
klapuri,1
destiny,1
riginal,1
weaving,1
000077.pdf,1
œ79),1
-encodings,1
city,1
17th,1
mandel,1
https://zenodo.org/communities/trompa,1
https://solidproject.org,1
-retained,1
decentralization,1
establishing,1
-exist,1
ception,1
playback,1
6.3,1
organization[22],1
garnered,1
loying,1
emp,1
declarative,1
typesetting,1
mat,1
finale,1
(scans),1
conforming,1
synthesized,1
intermediary,1
extending,1
(cancino,1
offline,1
refinement,1
centrally,1
-interpretation,1
-external,1
(solid[23],1
-hosted,1
permissio,1
spaces,1
-controlled,1
ontribution,1
4),1
pods;,1
datastores,1
‚by,1
secondary,1
gd,1
guaranteed,1
understandably,1
reporting,1
consortium),1
fiat™,1
determination,1
menu,1
con,1
-down,1
(music,1
mei),1
anchors,1
(segment,1
ontologies;,1
(timeline,1
pliant,1
-com,1
(meld),1
placement,1
scaffolds,1
-ld[19]),1
avascript,1
(section,1
driving,1
arriving,1
trivially,1
2),1
(meld;,1
(fragments,1
ontology),1
drop,1
performances),1
(available,1
(clara[20];,1
depicted,1
multilevel,1
renditions),1
aggregations,1
combina,1
(ordered,1
expressed,1
salient,1
associating,1
abstraction,1
interface),1
segments,1
akin,1
-configurable,1
providers,1
authenticate,1
4.),1
3.),1
entered,1
algorithm™s,1
monitors,1
continuously,1
2.),1
1.),1
arrival,1
response,1
demand,1
specify,1
modularly,1
chains,1
ves,1
themsel,1
data),1
availabl,1
suitability,1
cience,1
simplify,1
divergent,1
professionals,1
amateurs,1
ratize,1
democ,1
reintegrated,1
embraces,1
container;,1
deposited,1
executable,1
modular,1
capacit,1
instructions,1
eally,1
-documented,1
github),1
(generally,1
nodes,1
ption,1
tied,1
backgro,1
demographic,1
directing,1
safeguarded),1
anonymously,1
-directed,1
unavailable,1
expertise;,1
retaining,1
-hosting,1
provi,1
selectively,1
requested,1
nced,1
refere,1
(mansour,1
age,1
valued,1
subscri,1
adequate,1
accommodates,1
referenced,1
orchestrating,1
integrates,1
referencing,1
ne,1
re-interpret,1
6.4,1
designing,1
committee,1
zenodo[24],1
horized,1
aut,1
managed,1
analytics,1
incentivization,1
eval,1
retri,1
utually,1
accompanying),1
multitrack),1
classified,1
(slug),1
s),1
decoder,1
format[22],1
obta,1
grouped,1
lete,1
comp,1
alternatively,1
manual/automatic,1
52.7,1
43.6,1
61,1
202,1
113,1
fetch,1
fetching,1
researchers™,1
md5,1
duly,1
writing,1
pull,1
updates,1
mbids,1
welcome,1
checksum,1
tarball,1
preclude,1
eproducibility,1
subsets,1
93,1
versioned,1
plete,1
com,1
repository[23],1
64,1
(lead,1
collections™,1
249,1
(hz),1
hertz,1
hod,1
met,1
melodia,1
frames,1
pitch),1
library[18],1
ntia,1
esse,1
internally,1
facilitates,1
llections,1
features/descriptors,1
91,1
latively,1
laborious,1
eliable,1
rendition,1
reinforced,1
sara,1
108,1
releases,1
92,1
69%,1
concerts),1
(168,1
36.3,1
updated,1
tuning,1
appendix),1
tones,1
normalization,1
-class,1
restriction,1
vocalists,1
a4=440,1
credited,1
develops,1
pursuit,1
appreciating,1
gopala,1
alastair,1
manuscript;,1
inputs,1
bozkurt,1
baris,1
(http://compmusic.upf.edu,1
267583,1
-2013)/erc,1
(fp7/2007,1
union™s,1
sincerely,1
ndispensable,1
engineers,1
annotations/labels,1
collaboratively,1
hanced,1
(chennai,1
shrutinandan,1
itc,1
ribed,1
https://compmusic.upf.edu,1
graz,1
kunstuniversität,1
rafael.caro@upf.edu,1
synaptic,1
sankalp.gulati@upf.edu,1
joining,1
desc,1
-sra,1
alexa,1
08018,1
138,1
boronat,1
roc,1
(xavier.serra@upf.edu,1
ajays.murthy@upf.edu,1
obile,1
demonstrated,1
sorts,1
annota,1
views),1
(screen,1
94,1
invited,1
som,1
realizations,1
streamed,1
t),1
datase,1
browse,1
culturally,1
android,1
demonstrational,1
heir,1
draw,1
comprehension,1
educational,1
(displays,1
theoretical,1
asets,1
information),1
hanisms,1
mec,1
95,1
hardly,1
album,1
bases,1
wikipedia),1
evolution,1
restricted,1
similarities,1
-access,1
hinder,1
-annotated,1
repres,1
fail,1
inaccessible,1
recording),1
241),1
mposition,1
skeletal,1
accompanist,1
soloist,1
marks,1
structurally,1
previous),1
-length,1
descriptor,1
landmark,1
88,1
grammar,1
providi,1
ant,1
signific,1
lyrics,1
mnemonic,1
sargam),1
solfège,1
tension,1
81),1
descrip,1
indicators,1
hosts,1
center[13],1
procured,1
renditi,1
reserve,1
institutes,1
artists/vocalists,1
designed,1
-information,1
tic,1
carna,1
ten,1
distribution),1
heterogeneous,1
regi,1
geographical,1
prescriptive,1
lineage,1
listened,1
1998),1
1999;,1
2012;,1
2004;,1
viswanathan,1
1990,1
1984,1
english,1
attracted,1
grounded,1
(subramaniam,1
insulated,1
impact,1
industani,1
(saraf,1
iranian,1
greek,1
persian,1
1980;,1
2001;,1
1989;,1
arr,1
(bagchee,1
sounding,1
constant,1
respectively),1
(typically,1
consists,1
angement,1
dominant,1
krish,1
sung,1
heterophonic,1
oth,1
literature),1
-exhaustive,1
2013,1
na,1
reserves,1
sole,1
voluntarily,1
collecti,1
visualizer[17],1
ivasamurthy,1
(srin,1
-automatic,1
semi,1
(2016,1
transitions,1
section™s,1
improvised,1
improvisations),1
elaborate,1
lengthy,1
elodic,1
define,1
segmenting,1
changes),1
uniformity,1
-varying,1
consecutive,1
instants,1
length,1
tations,1
anno,1
15),1
artistﬂ,1
encapsulates,1
ﬁa,1
summarizes,1
bpm,1
60,1
length),1
(cycle,1
summarize,1
median,1
(bpm),1
nute,1
mi,1
defines,1
(gulati,1
theses,1
eo,1
inferred,1
occasional,1
varies,1
(also,1
89,1
transmission,1
ease,1
ster,1
onship,1
(128,1
maestros,1
yesteryear,1
distribute,1
licensees,1
received,1
compensation,1
relati,1
consulting,1
(srinivasamurth,1
targets,1
extracted),1
(manually,1
thanks,1
popularity,1
gaining,1
methodology,1
form),1
emerging,1
mbid),1
phenomena,1
ous,1
vari,1
analyzing,1
methodologies,1
supplemented,1
ontological,1
rpora,1
https://compmusic.upf.edu/corpora,1
http://compmusic.upf.edu/datasets,1
codings,1
archaeological,1
literary,1
religious,1
litical,1
(po,1
boon,1
practitioners,1
librarians,1
ered,1
enjoyed,1
lived,1
legacy,1
treasured,1
https://doi.org/10.18061/emr.v16i1.7643,1
october,1
producibility,1
-first,1
architectural,1
šhow,1
tended,1
emergent,1
ge,1
ima,1
pdfs,1
-score,1
musicology™,1
‚digital,1
transdisciplinary,1
manifest,1
emulated,1
dence,1
evi,1
archival,1
newspapers,1
books,1
evidence,1
šneed,1
-lines,1
graph™,1
sangit,1
‚knowledge,1
emilia,1
werner,1
aggelos,1
goldsmiths,1
tim,1
weigl[1],1
allen,1
anathan,1
visw,1
-117),1
112,1
conference/sound,1
allahabad,1
sahitya,1
prayog,1
va,1
shikshan,1
nicolás,1
cynthia,1
patricia,1
interrelated,1
informati,1
interrelate,1
overcoming,1
implementational,1
outline,1
ntation,1
represe,1
integrate,1
encompassing,1
-edge,1
cutting,1
minimally,1
reactions,1
biographical,1
bibliographical,1
šincluding,1
printing,1
-users,1
ša,1
špre,1
aspec,1
silos™,1
‚data,1
(approximations,1
recover,1
-scraping,1
functions;,1
-generalizable,1
nding,1
depe,1
significantly,1
edition),1
sheets,1
annotate,1
undertaken,1
tization,1
digi,1
hindered,1
connectivity,1
chall,1
extent,1
motiva,1
-interpreted,1
recontextualized,1
reproduced,1
complicates,1
utions,1
greatly,1
-enriched,1
enges,1
which,1
manifested,1
manuscript,1
notes',1
'just,1
player,1
(liem,1
declared,1
persistence),1
nges,1
permissively,1
‚classical,1
project[2],1
-funded,1
gement,1
mana,1
accordance,1
retrievable,1
unsupported,1
mirroring,1
commenting,1
work™,1
normally,1
discover,1
-visual),1
audio(,1
senting,1
music™,1
repositories™,1
challe,1
(gdpr;,1
agents),1
ising,1
predecessor,1
-interpreta,1
(hasnain,1
(van,1
adopts,1
rdance,1
serv,1
acco,1
stakeholder,1
nitiatives,1
pretable,1
-inter,1
enhancement,1
ices,1
shastra,1
shastriya,1
du,1
lal,1
aesthetic,1
(1989),1
publishers,1
manoharlal,1
munshiram,1
93/acprof:oso/9780195339680.001.0001,1
https://doi.org/10.10,1
oxford,1
rag,1
yton,1
cla,1
https://doi.org/10.1177/102986490701100102,1
musicians™,1
observing,1
97,1
florence,1
œ1468),1
gharanas,1
(2nd,1
k.k,1
ew,1
janakiraman,1
(https://www.tdx.cat/handle/10803/398984,1
sertation,1
dis,1
https://doi.org/10.1080/09298215.2013.875042,1
53œ71,1
43(1),1
murthy,1
distributional,1
ranjani,1
bellur,1
https://doi.org/10.5334/tismir.11,1
œ95,1
pp.79,1
pairs,1
allied,1
1467,1
ratanjankar,1
bharatiya,1
(1984),1
-b75f,1
collection/a163c8f2,1
https://musicbrainz.org/user/compmusic/collection,1
https://essentia.upf.edu/,1
essentia,1
www.sonicvisualiser.org/,1
visualisation,1
anti.webs.com/,1
https://kaustuvk,1
https://www.facebook.com/vigneshishwarofficial/,1
http://www.arkayconventioncenter.com/,1
https://mtg.github.io/sar,1
https://creativecommons.org/licenses/,1
mtg/,1
https://github.com/,1
https://dunya.compmusic.upf.edu/,1
nya,1
-4655,1
86be,1
-1504ea2944c2,1
https://www.upf.edu/web/musi,1
karyalaya,1
maalika,1
pustak,1
kramik,1
paddhati,1
(1990),1
calbridges/recursos,1
appreciation,1
musicbr,1
https://www.upf.edu/web/musicalbridges,1
https://github.com/mtg/saraga,1
https://www.json.org,1
-8230-b85f1de5be2b,1
6605-4e57,1
https://musicbrainz.org/collection/6adc54c6,1
ainz,1
essentials,1
publis,1
hing,1
abhinav,1
cemgil,1
https://doi.org/10.5281/zenodo.850759,1
ce/sound,1
conferen,1
œ44,1
89(1),1
musicologica,1
acta,1
traces,1
https://doi.org/10.5281/zenodo.1416592,1
œ156),1
151,1
multicultural,1
vidyanidhi,1
centuries),1
(19th,1
saraf,1
generalized,1
tracki,1
41st,1
nationalism,1
https://doi.org/10.1177/001946469903600201,1
œ163,1
131,1
soci,1
œ1947,1
1900,1
madras,1
reinvention,1
-80),1
subramaniam,1
https://doi.org/10.3389/fdigh.2017.00020,1
œ16,1
elaboration,1
https://www.tdx.cat/handle/10803/398986,1
ps://doi.org/10.1109/icassp.2016.7471640,1
shanghai,1
(1998),1
515,1
https://doi.org/10.1109/tasl.2012.2188,1
motif,1
century,1
twentieth,1
(1980),1
https://repositori.upf.edu/handle/10230/20494,1
turkey,1
istanbul,1
œ18),1
gamaka,1
exploiting,1
svara,1
karnatik,1
https://www.tdx.cat/handle/10803/402439,1
mpeu,1
sadan,1
i-v,1
geetanjali,1
sordo,1
14th,1
œ1770,1
sangita,1
1759,1
20(6),1
contour,1
extractio,1
98,1
sampradaya,1
ratnakara,1
ltd,1
101,1
(p),1
printworld,1
d.k,1
https://doi.org/10.5281/zenodo.1414938,1
https://doi.org/10.5281/zenodo.1417355,1
brazil,1
curitiba,1
tpress/10309.001.0001,1
